{"payload":{"installed_packages":["absl-py==2.1.0","aiohttp==3.9.5","aiosignal==1.3.1","albumentations==1.4.7","alembic==1.13.1","aniso8601==9.0.1","annotated-types==0.7.0","anomalib==1.1.0.dev0","anomalib==1.1.0.dev0","antlr4-python3-runtime==4.9.3","astunparse==1.6.3","attrs==23.2.0","automat==22.10.0","blinker==1.8.2","cachetools==5.3.3","certifi==2024.2.2","charset-normalizer==3.3.2","clearml==1.15.1","click==8.1.7","cloudpickle==3.0.0","colorama==0.4.6","comet==3.1.0","comet-ml==3.40.0","configobj==5.0.8","constantly==23.10.4","contourpy==1.2.1","cycler==0.12.1","deprecated==1.2.14","docker==7.1.0","docker-pycreds==0.4.0","docstring_parser==0.16","dulwich==0.21.7","einop==0.0.1","einops==0.8.0","entrypoints==0.4","everett==3.1.0","filelock==3.13.4","flask==3.0.3","flatbuffers==24.3.25","fonttools==4.51.0","freia==0.2","frozenlist==1.4.1","fsspec==2024.3.1","ftfy==6.2.0","furl==2.1.3","gast==0.5.4","gitdb==4.0.11","gitpython==3.1.43","google-pasta==0.2.0","graphene==3.3","graphql-core==3.2.3","graphql-relay==3.2.0","graphviz==0.20.3","greenlet==3.0.3","grpcio==1.62.1","h5py==3.11.0","huggingface-hub==0.23.1","hyperlink==21.0.0","idna==3.7","imageio==2.34.1","imgaug==0.4.0","importlib-metadata==7.0.0","importlib_resources==6.4.0","incremental==22.10.0","intel-openmp==2021.4.0","itsdangerous==2.2.0","jinja2==3.1.3","joblib==1.4.0","jsonargparse==4.28.0","jsonschema==4.21.1","jsonschema-specifications==2023.12.1","keras==3.3.3","kiwisolver==1.4.5","kornia==0.7.2","kornia_rs==0.1.3","lazy_loader==0.4","libclang==18.1.1","lightning==2.2.5","lightning-utilities==0.11.2","lxml==5.2.1","mako==1.3.5","markdown==3.6","markdown-it-py==3.0.0","markupsafe==2.1.5","matplotlib==3.8.4","mdurl==0.1.2","mkl==2021.4.0","ml-dtypes==0.3.2","mlflow==2.13.0","mpmath==1.3.0","multidict==6.0.5","namex==0.0.8","networkx==3.3","numpy==1.26.4","omegaconf==2.3.0","open-clip-torch==2.24.0","opencv-python==4.9.0.80","opencv-python-headless==4.9.0.80","opentelemetry-api==1.24.0","opentelemetry-sdk==1.24.0","opentelemetry-semantic-conventions==0.45b0","openvino==2024.1.0","openvino-telemetry==2024.1.0","opt-einsum==3.3.0","optree==0.11.0","orderedmultidict==1.0.1","packaging==24.0","pandas==2.2.2","pathlib2==2.3.7.post1","pillow==10.3.0","pip==24.0","platformdirs==4.2.2","protobuf==4.25.3","psutil==5.9.8","py-cpuinfo==9.0.0","pyarrow==15.0.2","pycodestyle==2.11.1","pydantic==2.7.1","pydantic_core==2.18.2","pygments==2.17.2","pyjwt==2.8.0","pyparsing==3.1.2","pyqt5==5.15.10","pyqt5-qt5==5.15.2","pyqt5-sip==12.13.0","python-box==6.1.0","python-dateutil==2.9.0.post0","pytorch-lightning==2.2.5","pytz==2024.1","pywin32==306","pyyaml==6.0.1","querystring-parser==1.2.4","referencing==0.34.0","regex==2024.5.15","requests==2.31.0","requests-toolbelt==1.0.0","rich==13.7.1","rich-argparse==1.4.0","rpds-py==0.18.0","safetensors==0.4.3","scikit-image==0.23.2","scikit-learn==1.4.2","scipy==1.13.0","seaborn==0.13.2","semantic-version==2.10.0","sentencepiece==0.2.0","sentry-sdk==1.45.0","setproctitle==1.3.3","setuptools==69.5.1","shapely==2.0.4","simplejson==3.19.2","six==1.16.0","smmap==5.0.1","sqlalchemy==2.0.30","sqlparse==0.5.0","sympy==1.12","tabulate==0.8.7","tbb==2021.11.0","tensorboard==2.16.2","tensorboard-data-server==0.7.2","tensorflow-intel==2.16.1","termcolor==2.4.0","thop==0.1.1-2209072238","threadpoolctl==3.4.0","tifffile==2024.5.10","timm==1.0.3","torch==2.2.2","torch==2.3.0+cu121","torchaudio==2.3.0+cu121","torchmetrics==1.4.0.post0","torchvision==0.18.0+cu121","tqdm==4.66.4","twisted==24.3.0","twisted-iocpsupport==1.0.4","typeshed_client==2.5.1","typing_extensions==4.11.0","tzdata==2024.1","ultralytics==8.2.0","urllib3==2.2.1","waitress==3.0.0","wandb==0.17.0","wcwidth==0.2.13","websocket-client==1.3.3","werkzeug==3.0.2","wheel==0.43.0","wrapt==1.16.0","wurlitzer==3.0.3","yarl==1.9.4","zipp==3.18.2","zope.interface==6.3"],"local_timestamp":1716765283274,"message_id":1},"type":"ws_msg"}
{"payload":{"env_details":{"command":["../yolov5/train.py","--img","640","--batch","16","--epochs","1","--data","../data\\hyotto_test\\data.yaml","--cfg","../yolov5/models/yolov5s.yaml","--weights","../yolov5/yolov5s.pt","--name","hyotto_test","--project","../yolov5/runs/train"],"env":null,"hostname":"M-Cat","ip":"172.30.1.22","machine":"AMD64","os":"Windows-11-10.0.22631-SP0","os_release":"11","os_type":"Windows","pid":5612,"processor":"AMD64 Family 25 Model 80 Stepping 0, AuthenticAMD","python_exe":"C:\\Users\\Me\\AppData\\Local\\Programs\\Python\\Python312\\python.exe","python_version":"3.12.3","python_version_verbose":"3.12.3 (tags/v3.12.3:f6650f9, Apr  9 2024, 14:05:25) [MSC v.1938 64 bit (AMD64)]","user":"Me"},"local_timestamp":1716765283294,"message_id":2},"type":"ws_msg"}
{"payload":{"gpu_static_info":[{"gpu_index":0,"name":"NVIDIA GeForce MX450","power_limit":null,"total_memory":2147483648,"uuid":"GPU-cd3768ac-4e96-b304-6e2c-e7b24f7fddc2"}],"local_timestamp":1716765283332,"message_id":3},"type":"ws_msg"}
{"payload":{"local_timestamp":1716765283335,"message_id":4,"metric":{"epoch":null,"metricName":"sys.gpu.0.total_memory","metricValue":2147483648,"step":null}},"type":"metric_msg"}
{"payload":{"local_timestamp":1716765283336,"message_id":5,"param":{"paramName":"img","paramValue":640,"source":"cli","step":null}},"type":"parameter_msg"}
{"payload":{"local_timestamp":1716765283336,"message_id":6,"param":{"paramName":"batch","paramValue":16,"source":"cli","step":null}},"type":"parameter_msg"}
{"payload":{"local_timestamp":1716765283336,"message_id":7,"param":{"paramName":"epochs","paramValue":1,"source":"cli","step":null}},"type":"parameter_msg"}
{"payload":{"local_timestamp":1716765283337,"message_id":8,"param":{"paramName":"data","paramValue":"../data\\hyotto_test\\data.yaml","source":"cli","step":null}},"type":"parameter_msg"}
{"payload":{"local_timestamp":1716765283337,"message_id":9,"param":{"paramName":"cfg","paramValue":"../yolov5/models/yolov5s.yaml","source":"cli","step":null}},"type":"parameter_msg"}
{"payload":{"local_timestamp":1716765283337,"message_id":10,"param":{"paramName":"weights","paramValue":"../yolov5/yolov5s.pt","source":"cli","step":null}},"type":"parameter_msg"}
{"payload":{"local_timestamp":1716765283337,"message_id":11,"param":{"paramName":"name","paramValue":"hyotto_test","source":"cli","step":null}},"type":"parameter_msg"}
{"payload":{"local_timestamp":1716765283337,"message_id":12,"param":{"paramName":"project","paramValue":"../yolov5/runs/train","source":"cli","step":null}},"type":"parameter_msg"}
{"payload":{"local_timestamp":1716765283337,"log_other":{"key":"offline_experiment","val":true},"message_id":13},"type":"ws_msg"}
{"payload":{"local_timestamp":1716765283337,"log_other":{"key":"Name","val":"hyotto_test"},"message_id":14},"type":"ws_msg"}
{"payload":{"local_timestamp":1716765283343,"message_id":15,"metric":{"epoch":null,"metricName":"sys.gpu.0.gpu_utilization","metricValue":0,"step":null}},"type":"metric_msg"}
{"payload":{"local_timestamp":1716765283343,"message_id":16,"metric":{"epoch":null,"metricName":"sys.gpu.0.temperature","metricValue":55,"step":null}},"type":"metric_msg"}
{"payload":{"local_timestamp":1716765283343,"message_id":17,"metric":{"epoch":null,"metricName":"sys.gpu.0.memory_utilization","metricValue":0,"step":null}},"type":"metric_msg"}
{"payload":{"local_timestamp":1716765283343,"message_id":18,"metric":{"epoch":null,"metricName":"sys.gpu.0.free_memory","metricValue":2013720576,"step":null}},"type":"metric_msg"}
{"payload":{"local_timestamp":1716765283343,"message_id":19,"metric":{"epoch":null,"metricName":"sys.gpu.0.used_memory","metricValue":133763072,"step":null}},"type":"metric_msg"}
{"payload":{"local_timestamp":1716765283343,"message_id":20,"metric":{"epoch":null,"metricName":"sys.gpu.0.percent.used_memory","metricValue":6.228828430175781,"step":null}},"type":"metric_msg"}
{"payload":{"additional_params":{"assetId":"7c133d1e51b245ae8cfcb5d85c0fd11f","context":null,"extension":"yaml","fileName":"data.yaml","overwrite":false,"runId":null,"step":null},"clean":true,"file_path":"tmpfxazfy3k","local_timestamp":1716765283346,"message_id":21,"metadata":{"type":"data-config-file"},"upload_type":"asset"},"type":"file_upload"}
{"payload":{"local_timestamp":1716765283350,"log_other":{"key":"Created from","val":"YOLOv5"},"message_id":22},"type":"ws_msg"}
{"payload":{"local_timestamp":1716765283353,"log_other":{"key":"hasNestedParams","val":true},"message_id":23},"type":"ws_msg"}
{"payload":{"local_timestamp":1716765283353,"message_id":24,"param":{"paramName":"artifact_alias","paramValue":"latest","source":"manual","step":null}},"type":"parameter_msg"}
{"payload":{"local_timestamp":1716765283353,"message_id":25,"param":{"paramName":"batch_size","paramValue":16,"source":"manual","step":null}},"type":"parameter_msg"}
{"payload":{"local_timestamp":1716765283353,"message_id":26,"param":{"paramName":"bbox_interval","paramValue":-1,"source":"manual","step":null}},"type":"parameter_msg"}
{"payload":{"local_timestamp":1716765283353,"message_id":27,"param":{"paramName":"bucket","paramValue":"","source":"manual","step":null}},"type":"parameter_msg"}
{"payload":{"local_timestamp":1716765283353,"message_id":28,"param":{"paramName":"cache","paramValue":null,"source":"manual","step":null}},"type":"parameter_msg"}
{"payload":{"local_timestamp":1716765283354,"message_id":29,"param":{"paramName":"cos_lr","paramValue":false,"source":"manual","step":null}},"type":"parameter_msg"}
{"payload":{"local_timestamp":1716765283354,"message_id":30,"param":{"paramName":"device","paramValue":"","source":"manual","step":null}},"type":"parameter_msg"}
{"payload":{"local_timestamp":1716765283354,"message_id":31,"param":{"paramName":"entity","paramValue":null,"source":"manual","step":null}},"type":"parameter_msg"}
{"payload":{"local_timestamp":1716765283354,"message_id":32,"param":{"paramName":"evolve","paramValue":null,"source":"manual","step":null}},"type":"parameter_msg"}
{"payload":{"local_timestamp":1716765283354,"message_id":33,"param":{"paramName":"evolve_population","paramValue":"..\\yolov5\\data\\hyps","source":"manual","step":null}},"type":"parameter_msg"}
{"payload":{"local_timestamp":1716765283354,"message_id":34,"param":{"paramName":"exist_ok","paramValue":false,"source":"manual","step":null}},"type":"parameter_msg"}
{"payload":{"local_timestamp":1716765283354,"message_id":35,"params":{"paramName":"freeze","paramValue":[0],"source":"manual","step":null}},"type":"parameter_msg"}
{"payload":{"local_timestamp":1716765283354,"message_id":36,"param":{"paramName":"hyp|anchor_t","paramValue":4.0,"source":"manual","step":null}},"type":"parameter_msg"}
{"payload":{"local_timestamp":1716765283354,"message_id":37,"param":{"paramName":"hyp|box","paramValue":0.05,"source":"manual","step":null}},"type":"parameter_msg"}
{"payload":{"local_timestamp":1716765283354,"message_id":38,"param":{"paramName":"hyp|cls","paramValue":0.5,"source":"manual","step":null}},"type":"parameter_msg"}
{"payload":{"local_timestamp":1716765283354,"message_id":39,"param":{"paramName":"hyp|cls_pw","paramValue":1.0,"source":"manual","step":null}},"type":"parameter_msg"}
{"payload":{"local_timestamp":1716765283354,"message_id":40,"param":{"paramName":"hyp|copy_paste","paramValue":0.0,"source":"manual","step":null}},"type":"parameter_msg"}
{"payload":{"local_timestamp":1716765283354,"message_id":41,"param":{"paramName":"hyp|degrees","paramValue":0.0,"source":"manual","step":null}},"type":"parameter_msg"}
{"payload":{"local_timestamp":1716765283354,"message_id":42,"param":{"paramName":"hyp|fl_gamma","paramValue":0.0,"source":"manual","step":null}},"type":"parameter_msg"}
{"payload":{"local_timestamp":1716765283354,"message_id":43,"param":{"paramName":"hyp|fliplr","paramValue":0.5,"source":"manual","step":null}},"type":"parameter_msg"}
{"payload":{"local_timestamp":1716765283354,"message_id":44,"param":{"paramName":"hyp|flipud","paramValue":0.0,"source":"manual","step":null}},"type":"parameter_msg"}
{"payload":{"local_timestamp":1716765283354,"message_id":45,"param":{"paramName":"hyp|hsv_h","paramValue":0.015,"source":"manual","step":null}},"type":"parameter_msg"}
{"payload":{"local_timestamp":1716765283354,"message_id":46,"param":{"paramName":"hyp|hsv_s","paramValue":0.7,"source":"manual","step":null}},"type":"parameter_msg"}
{"payload":{"local_timestamp":1716765283354,"message_id":47,"param":{"paramName":"hyp|hsv_v","paramValue":0.4,"source":"manual","step":null}},"type":"parameter_msg"}
{"payload":{"local_timestamp":1716765283354,"message_id":48,"param":{"paramName":"hyp|iou_t","paramValue":0.2,"source":"manual","step":null}},"type":"parameter_msg"}
{"payload":{"local_timestamp":1716765283354,"message_id":49,"param":{"paramName":"hyp|lr0","paramValue":0.01,"source":"manual","step":null}},"type":"parameter_msg"}
{"payload":{"local_timestamp":1716765283354,"message_id":50,"param":{"paramName":"hyp|lrf","paramValue":0.01,"source":"manual","step":null}},"type":"parameter_msg"}
{"payload":{"local_timestamp":1716765283354,"message_id":51,"param":{"paramName":"hyp|mixup","paramValue":0.0,"source":"manual","step":null}},"type":"parameter_msg"}
{"payload":{"local_timestamp":1716765283354,"message_id":52,"param":{"paramName":"hyp|momentum","paramValue":0.937,"source":"manual","step":null}},"type":"parameter_msg"}
{"payload":{"local_timestamp":1716765283354,"message_id":53,"param":{"paramName":"hyp|mosaic","paramValue":1.0,"source":"manual","step":null}},"type":"parameter_msg"}
{"payload":{"local_timestamp":1716765283354,"message_id":54,"param":{"paramName":"hyp|obj","paramValue":1.0,"source":"manual","step":null}},"type":"parameter_msg"}
{"payload":{"local_timestamp":1716765283354,"message_id":55,"param":{"paramName":"hyp|obj_pw","paramValue":1.0,"source":"manual","step":null}},"type":"parameter_msg"}
{"payload":{"local_timestamp":1716765283354,"message_id":56,"param":{"paramName":"hyp|perspective","paramValue":0.0,"source":"manual","step":null}},"type":"parameter_msg"}
{"payload":{"local_timestamp":1716765283354,"message_id":57,"param":{"paramName":"hyp|scale","paramValue":0.5,"source":"manual","step":null}},"type":"parameter_msg"}
{"payload":{"local_timestamp":1716765283354,"message_id":58,"param":{"paramName":"hyp|shear","paramValue":0.0,"source":"manual","step":null}},"type":"parameter_msg"}
{"payload":{"local_timestamp":1716765283354,"message_id":59,"param":{"paramName":"hyp|translate","paramValue":0.1,"source":"manual","step":null}},"type":"parameter_msg"}
{"payload":{"local_timestamp":1716765283354,"message_id":60,"param":{"paramName":"hyp|warmup_bias_lr","paramValue":0.1,"source":"manual","step":null}},"type":"parameter_msg"}
{"payload":{"local_timestamp":1716765283354,"message_id":61,"param":{"paramName":"hyp|warmup_epochs","paramValue":3.0,"source":"manual","step":null}},"type":"parameter_msg"}
{"payload":{"local_timestamp":1716765283354,"message_id":62,"param":{"paramName":"hyp|warmup_momentum","paramValue":0.8,"source":"manual","step":null}},"type":"parameter_msg"}
{"payload":{"local_timestamp":1716765283354,"message_id":63,"param":{"paramName":"hyp|weight_decay","paramValue":0.0005,"source":"manual","step":null}},"type":"parameter_msg"}
{"payload":{"local_timestamp":1716765283354,"message_id":64,"param":{"paramName":"image_weights","paramValue":false,"source":"manual","step":null}},"type":"parameter_msg"}
{"payload":{"local_timestamp":1716765283354,"message_id":65,"param":{"paramName":"imgsz","paramValue":640,"source":"manual","step":null}},"type":"parameter_msg"}
{"payload":{"local_timestamp":1716765283354,"message_id":66,"param":{"paramName":"label_smoothing","paramValue":0.0,"source":"manual","step":null}},"type":"parameter_msg"}
{"payload":{"local_timestamp":1716765283354,"message_id":67,"param":{"paramName":"local_rank","paramValue":-1,"source":"manual","step":null}},"type":"parameter_msg"}
{"payload":{"local_timestamp":1716765283354,"message_id":68,"param":{"paramName":"multi_scale","paramValue":false,"source":"manual","step":null}},"type":"parameter_msg"}
{"payload":{"local_timestamp":1716765283354,"message_id":69,"param":{"paramName":"ndjson_console","paramValue":false,"source":"manual","step":null}},"type":"parameter_msg"}
{"payload":{"local_timestamp":1716765283354,"message_id":70,"param":{"paramName":"ndjson_file","paramValue":false,"source":"manual","step":null}},"type":"parameter_msg"}
{"payload":{"local_timestamp":1716765283354,"message_id":71,"param":{"paramName":"noautoanchor","paramValue":false,"source":"manual","step":null}},"type":"parameter_msg"}
{"payload":{"local_timestamp":1716765283354,"message_id":72,"param":{"paramName":"noplots","paramValue":false,"source":"manual","step":null}},"type":"parameter_msg"}
{"payload":{"local_timestamp":1716765283354,"message_id":73,"param":{"paramName":"nosave","paramValue":false,"source":"manual","step":null}},"type":"parameter_msg"}
{"payload":{"local_timestamp":1716765283354,"message_id":74,"param":{"paramName":"noval","paramValue":false,"source":"manual","step":null}},"type":"parameter_msg"}
{"payload":{"local_timestamp":1716765283354,"message_id":75,"param":{"paramName":"optimizer","paramValue":"SGD","source":"manual","step":null}},"type":"parameter_msg"}
{"payload":{"local_timestamp":1716765283354,"message_id":76,"param":{"paramName":"patience","paramValue":100,"source":"manual","step":null}},"type":"parameter_msg"}
{"payload":{"local_timestamp":1716765283354,"message_id":77,"param":{"paramName":"quad","paramValue":false,"source":"manual","step":null}},"type":"parameter_msg"}
{"payload":{"local_timestamp":1716765283354,"message_id":78,"param":{"paramName":"rect","paramValue":false,"source":"manual","step":null}},"type":"parameter_msg"}
{"payload":{"local_timestamp":1716765283354,"message_id":79,"param":{"paramName":"resume","paramValue":false,"source":"manual","step":null}},"type":"parameter_msg"}
{"payload":{"local_timestamp":1716765283354,"message_id":80,"param":{"paramName":"resume_evolve","paramValue":null,"source":"manual","step":null}},"type":"parameter_msg"}
{"payload":{"local_timestamp":1716765283354,"message_id":81,"param":{"paramName":"save_dir","paramValue":"..\\yolov5\\runs\\train\\hyotto_test2","source":"manual","step":null}},"type":"parameter_msg"}
{"payload":{"local_timestamp":1716765283354,"message_id":82,"param":{"paramName":"save_period","paramValue":-1,"source":"manual","step":null}},"type":"parameter_msg"}
{"payload":{"local_timestamp":1716765283354,"message_id":83,"param":{"paramName":"seed","paramValue":0,"source":"manual","step":null}},"type":"parameter_msg"}
{"payload":{"local_timestamp":1716765283354,"message_id":84,"param":{"paramName":"single_cls","paramValue":false,"source":"manual","step":null}},"type":"parameter_msg"}
{"payload":{"local_timestamp":1716765283354,"message_id":85,"param":{"paramName":"sync_bn","paramValue":false,"source":"manual","step":null}},"type":"parameter_msg"}
{"payload":{"local_timestamp":1716765283354,"message_id":86,"param":{"paramName":"upload_dataset","paramValue":false,"source":"manual","step":null}},"type":"parameter_msg"}
{"payload":{"local_timestamp":1716765283354,"message_id":87,"param":{"paramName":"workers","paramValue":8,"source":"manual","step":null}},"type":"parameter_msg"}
{"payload":{"local_timestamp":1716765283354,"message_id":88,"param":{"paramName":"anchor_t","paramValue":4.0,"source":"manual","step":null}},"type":"parameter_msg"}
{"payload":{"local_timestamp":1716765283354,"message_id":89,"param":{"paramName":"box","paramValue":0.05,"source":"manual","step":null}},"type":"parameter_msg"}
{"payload":{"local_timestamp":1716765283354,"message_id":90,"param":{"paramName":"cls","paramValue":0.5,"source":"manual","step":null}},"type":"parameter_msg"}
{"payload":{"local_timestamp":1716765283354,"message_id":91,"param":{"paramName":"cls_pw","paramValue":1.0,"source":"manual","step":null}},"type":"parameter_msg"}
{"payload":{"local_timestamp":1716765283354,"message_id":92,"param":{"paramName":"copy_paste","paramValue":0.0,"source":"manual","step":null}},"type":"parameter_msg"}
{"payload":{"local_timestamp":1716765283354,"message_id":93,"param":{"paramName":"degrees","paramValue":0.0,"source":"manual","step":null}},"type":"parameter_msg"}
{"payload":{"local_timestamp":1716765283354,"message_id":94,"param":{"paramName":"fl_gamma","paramValue":0.0,"source":"manual","step":null}},"type":"parameter_msg"}
{"payload":{"local_timestamp":1716765283354,"message_id":95,"param":{"paramName":"fliplr","paramValue":0.5,"source":"manual","step":null}},"type":"parameter_msg"}
{"payload":{"local_timestamp":1716765283354,"message_id":96,"param":{"paramName":"flipud","paramValue":0.0,"source":"manual","step":null}},"type":"parameter_msg"}
{"payload":{"local_timestamp":1716765283354,"message_id":97,"param":{"paramName":"hsv_h","paramValue":0.015,"source":"manual","step":null}},"type":"parameter_msg"}
{"payload":{"local_timestamp":1716765283354,"message_id":98,"param":{"paramName":"hsv_s","paramValue":0.7,"source":"manual","step":null}},"type":"parameter_msg"}
{"payload":{"local_timestamp":1716765283354,"message_id":99,"param":{"paramName":"hsv_v","paramValue":0.4,"source":"manual","step":null}},"type":"parameter_msg"}
{"payload":{"local_timestamp":1716765283354,"message_id":100,"param":{"paramName":"iou_t","paramValue":0.2,"source":"manual","step":null}},"type":"parameter_msg"}
{"payload":{"local_timestamp":1716765283354,"message_id":101,"param":{"paramName":"lr0","paramValue":0.01,"source":"manual","step":null}},"type":"parameter_msg"}
{"payload":{"local_timestamp":1716765283354,"message_id":102,"param":{"paramName":"lrf","paramValue":0.01,"source":"manual","step":null}},"type":"parameter_msg"}
{"payload":{"local_timestamp":1716765283354,"message_id":103,"param":{"paramName":"mixup","paramValue":0.0,"source":"manual","step":null}},"type":"parameter_msg"}
{"payload":{"local_timestamp":1716765283355,"message_id":104,"param":{"paramName":"momentum","paramValue":0.937,"source":"manual","step":null}},"type":"parameter_msg"}
{"payload":{"local_timestamp":1716765283355,"message_id":105,"param":{"paramName":"mosaic","paramValue":1.0,"source":"manual","step":null}},"type":"parameter_msg"}
{"payload":{"local_timestamp":1716765283355,"message_id":106,"param":{"paramName":"obj","paramValue":1.0,"source":"manual","step":null}},"type":"parameter_msg"}
{"payload":{"local_timestamp":1716765283355,"message_id":107,"param":{"paramName":"obj_pw","paramValue":1.0,"source":"manual","step":null}},"type":"parameter_msg"}
{"payload":{"local_timestamp":1716765283355,"message_id":108,"param":{"paramName":"perspective","paramValue":0.0,"source":"manual","step":null}},"type":"parameter_msg"}
{"payload":{"local_timestamp":1716765283355,"message_id":109,"param":{"paramName":"scale","paramValue":0.5,"source":"manual","step":null}},"type":"parameter_msg"}
{"payload":{"local_timestamp":1716765283355,"message_id":110,"param":{"paramName":"shear","paramValue":0.0,"source":"manual","step":null}},"type":"parameter_msg"}
{"payload":{"local_timestamp":1716765283355,"message_id":111,"param":{"paramName":"translate","paramValue":0.1,"source":"manual","step":null}},"type":"parameter_msg"}
{"payload":{"local_timestamp":1716765283355,"message_id":112,"param":{"paramName":"warmup_bias_lr","paramValue":0.1,"source":"manual","step":null}},"type":"parameter_msg"}
{"payload":{"local_timestamp":1716765283355,"message_id":113,"param":{"paramName":"warmup_epochs","paramValue":3.0,"source":"manual","step":null}},"type":"parameter_msg"}
{"payload":{"local_timestamp":1716765283355,"message_id":114,"param":{"paramName":"warmup_momentum","paramValue":0.8,"source":"manual","step":null}},"type":"parameter_msg"}
{"payload":{"local_timestamp":1716765283355,"message_id":115,"param":{"paramName":"weight_decay","paramValue":0.0005,"source":"manual","step":null}},"type":"parameter_msg"}
{"payload":{"additional_params":{"assetId":"5fa873f8521940638636ad5aefec780f","context":null,"epoch":null,"extension":"json","fileName":"hyperparameters.json","overwrite":false,"runId":null,"step":null},"clean":true,"file_path":"tmp28siu7on","local_timestamp":1716765283362,"message_id":116,"metadata":{"type":"hyp-config-file"},"upload_type":"asset"},"type":"file_upload"}
{"payload":{"additional_params":{"assetId":"0bbdfa618b634412823946e988b7d354","context":null,"extension":"yaml","fileName":"opt.yaml","overwrite":false,"runId":null,"step":null},"clean":true,"file_path":"tmplqls22p2","local_timestamp":1716765283364,"message_id":117,"metadata":{"type":"opt-config-file"},"upload_type":"asset"},"type":"file_upload"}
{"payload":{"local_timestamp":1716765283364,"message_id":118,"param":{"paramName":"val_conf_threshold","paramValue":0.001,"source":"manual","step":null}},"type":"parameter_msg"}
{"payload":{"local_timestamp":1716765283365,"message_id":119,"param":{"paramName":"val_iou_threshold","paramValue":0.6,"source":"manual","step":null}},"type":"parameter_msg"}
{"payload":{"local_timestamp":1716765283365,"log_other":{"key":"comet_mode","val":"online"},"message_id":120},"type":"ws_msg"}
{"payload":{"local_timestamp":1716765283365,"log_other":{"key":"comet_max_image_uploads","val":100},"message_id":121},"type":"ws_msg"}
{"payload":{"local_timestamp":1716765283365,"log_other":{"key":"comet_log_per_class_metrics","val":false},"message_id":122},"type":"ws_msg"}
{"payload":{"local_timestamp":1716765283365,"log_other":{"key":"comet_log_batch_metrics","val":false},"message_id":123},"type":"ws_msg"}
{"payload":{"local_timestamp":1716765283365,"log_other":{"key":"comet_log_confusion_matrix","val":true},"message_id":124},"type":"ws_msg"}
{"payload":{"local_timestamp":1716765283365,"log_other":{"key":"comet_model_name","val":"yolov5"},"message_id":125},"type":"ws_msg"}
{"payload":{"local_timestamp":1716765283385,"message_id":126,"stderr":true,"stdout":"COMET INFO: Couldn't find a Git repository in 'C:\\\\Users\\\\Me\\\\Downloads\\\\MJU_CheckMate-main\\\\gui' nor in any parent directory. Set `COMET_GIT_DIRECTORY` if your Git Repository is elsewhere.\n"},"type":"ws_msg"}
{"payload":{"local_timestamp":1716765283420,"message_id":127,"stderr":true,"stdout":"Overriding model.yaml nc=80 with nc=3\n"},"type":"ws_msg"}
{"payload":{"local_timestamp":1716765283421,"message_id":128,"stderr":true,"stdout":"\n                 from  n    params  module                                  arguments                     \n"},"type":"ws_msg"}
{"payload":{"local_timestamp":1716765283422,"message_id":129,"stderr":true,"stdout":"  0                -1  1      3520  models.common.Conv                      [3, 32, 6, 2, 2]              \n"},"type":"ws_msg"}
{"payload":{"local_timestamp":1716765283423,"message_id":130,"stderr":true,"stdout":"  1                -1  1     18560  models.common.Conv                      [32, 64, 3, 2]                \n"},"type":"ws_msg"}
{"payload":{"local_timestamp":1716765283424,"message_id":131,"stderr":true,"stdout":"  2                -1  1     18816  models.common.C3                        [64, 64, 1]                   \n"},"type":"ws_msg"}
{"payload":{"local_timestamp":1716765283428,"message_id":132,"stderr":true,"stdout":"  3                -1  1     73984  models.common.Conv                      [64, 128, 3, 2]               \n"},"type":"ws_msg"}
{"payload":{"local_timestamp":1716765283430,"message_id":133,"stderr":true,"stdout":"  4                -1  2    115712  models.common.C3                        [128, 128, 2]                 \n"},"type":"ws_msg"}
{"payload":{"local_timestamp":1716765283433,"message_id":134,"stderr":true,"stdout":"  5                -1  1    295424  models.common.Conv                      [128, 256, 3, 2]              \n"},"type":"ws_msg"}
{"payload":{"local_timestamp":1716765283440,"message_id":135,"stderr":true,"stdout":"  6                -1  3    625152  models.common.C3                        [256, 256, 3]                 \n"},"type":"ws_msg"}
{"payload":{"local_timestamp":1716765283663,"message_id":136,"metric":{"epoch":null,"metricName":"sys.cpu.percent.avg","metricValue":0.0,"step":null}},"type":"metric_msg"}
{"payload":{"local_timestamp":1716765283663,"message_id":137,"metric":{"epoch":null,"metricName":"sys.ram.total","metricValue":16487870464,"step":null}},"type":"metric_msg"}
{"payload":{"local_timestamp":1716765283663,"message_id":138,"metric":{"epoch":null,"metricName":"sys.ram.used","metricValue":8084332544,"step":null}},"type":"metric_msg"}
{"payload":{"local_timestamp":1716765283663,"message_id":139,"metric":{"epoch":null,"metricName":"sys.ram.available","metricValue":8403537920,"step":null}},"type":"metric_msg"}
{"payload":{"local_timestamp":1716765283663,"message_id":140,"metric":{"epoch":null,"metricName":"sys.ram.percent.used","metricValue":49.0,"step":null}},"type":"metric_msg"}
{"payload":{"local_timestamp":1716765283663,"message_id":141,"metric":{"epoch":null,"metricName":"sys.load.avg","metricValue":0.0,"step":null}},"type":"metric_msg"}
{"payload":{"local_timestamp":1716765283664,"message_id":142,"stderr":true,"stdout":"  7                -1  1   1180672  models.common.Conv                      [256, 512, 3, 2]              \n"},"type":"ws_msg"}
{"payload":{"local_timestamp":1716765283674,"message_id":143,"stderr":true,"stdout":"  8                -1  1   1182720  models.common.C3                        [512, 512, 1]                 \n"},"type":"ws_msg"}
{"payload":{"local_timestamp":1716765283679,"message_id":144,"stderr":true,"stdout":"  9                -1  1    656896  models.common.SPPF                      [512, 512, 5]                 \n"},"type":"ws_msg"}
{"payload":{"local_timestamp":1716765283681,"message_id":145,"stderr":true,"stdout":" 10                -1  1    131584  models.common.Conv                      [512, 256, 1, 1]              \n"},"type":"ws_msg"}
{"payload":{"local_timestamp":1716765283681,"message_id":146,"stderr":true,"stdout":" 11                -1  1         0  torch.nn.modules.upsampling.Upsample    [None, 2, 'nearest']          \n"},"type":"ws_msg"}
{"payload":{"local_timestamp":1716765283681,"message_id":147,"stderr":true,"stdout":" 12           [-1, 6]  1         0  models.common.Concat                    [1]                           \n"},"type":"ws_msg"}
{"payload":{"local_timestamp":1716765283687,"message_id":148,"stderr":true,"stdout":" 13                -1  1    361984  models.common.C3                        [512, 256, 1, False]          \n"},"type":"ws_msg"}
{"payload":{"local_timestamp":1716765283688,"message_id":149,"stderr":true,"stdout":" 14                -1  1     33024  models.common.Conv                      [256, 128, 1, 1]              \n"},"type":"ws_msg"}
{"payload":{"local_timestamp":1716765283688,"message_id":150,"stderr":true,"stdout":" 15                -1  1         0  torch.nn.modules.upsampling.Upsample    [None, 2, 'nearest']          \n"},"type":"ws_msg"}
{"payload":{"local_timestamp":1716765283688,"message_id":151,"stderr":true,"stdout":" 16           [-1, 4]  1         0  models.common.Concat                    [1]                           \n"},"type":"ws_msg"}
{"payload":{"local_timestamp":1716765283690,"message_id":152,"stderr":true,"stdout":" 17                -1  1     90880  models.common.C3                        [256, 128, 1, False]          \n"},"type":"ws_msg"}
{"payload":{"local_timestamp":1716765283691,"message_id":153,"stderr":true,"stdout":" 18                -1  1    147712  models.common.Conv                      [128, 128, 3, 2]              \n"},"type":"ws_msg"}
{"payload":{"local_timestamp":1716765283692,"message_id":154,"stderr":true,"stdout":" 19          [-1, 14]  1         0  models.common.Concat                    [1]                           \n"},"type":"ws_msg"}
{"payload":{"local_timestamp":1716765283694,"message_id":155,"stderr":true,"stdout":" 20                -1  1    296448  models.common.C3                        [256, 256, 1, False]          \n"},"type":"ws_msg"}
{"payload":{"local_timestamp":1716765283698,"message_id":156,"stderr":true,"stdout":" 21                -1  1    590336  models.common.Conv                      [256, 256, 3, 2]              \n"},"type":"ws_msg"}
{"payload":{"local_timestamp":1716765283698,"message_id":157,"stderr":true,"stdout":" 22          [-1, 10]  1         0  models.common.Concat                    [1]                           \n"},"type":"ws_msg"}
{"payload":{"local_timestamp":1716765283705,"message_id":158,"stderr":true,"stdout":" 23                -1  1   1182720  models.common.C3                        [512, 512, 1, False]          \n"},"type":"ws_msg"}
{"payload":{"local_timestamp":1716765283706,"message_id":159,"stderr":true,"stdout":" 24      [17, 20, 23]  1     21576  models.yolo.Detect                      [3, [[10, 13, 16, 30, 33, 23], [30, 61, 62, 45, 59, 119], [116, 90, 156, 198, 373, 326]], [128, 256, 512]]\n"},"type":"ws_msg"}
{"payload":{"local_timestamp":1716765283869,"message_id":160,"stderr":true,"stdout":"YOLOv5s summary: 214 layers, 7027720 parameters, 7027720 gradients, 16.0 GFLOPs\n"},"type":"ws_msg"}
{"payload":{"local_timestamp":1716765283869,"message_id":161,"stderr":true,"stdout":"\n"},"type":"ws_msg"}
{"payload":{"local_timestamp":1716765284944,"message_id":162,"stderr":true,"stdout":"Transferred 342/349 items from ..\\yolov5\\yolov5s.pt\n"},"type":"ws_msg"}
{"payload":{"local_timestamp":1716765291263,"message_id":163,"stderr":true,"stdout":"\u001b[34m\u001b[1mAMP: \u001b[0mchecks passed \n"},"type":"ws_msg"}
{"payload":{"local_timestamp":1716765291267,"message_id":164,"stderr":true,"stdout":"\u001b[34m\u001b[1moptimizer:\u001b[0m SGD(lr=0.01) with parameter groups 57 weight(decay=0.0), 60 weight(decay=0.0005), 60 bias\n"},"type":"ws_msg"}
{"payload":{"local_timestamp":1716765291834,"message_id":165,"stderr":true,"stdout":"\u001b[34m\u001b[1malbumentations: \u001b[0mBlur(p=0.01, blur_limit=(3, 7)), MedianBlur(p=0.01, blur_limit=(3, 7)), ToGray(p=0.01), CLAHE(p=0.01, clip_limit=(1, 4.0), tile_grid_size=(8, 8))\n"},"type":"ws_msg"}
{"payload":{"local_timestamp":1716765291882,"message_id":166,"stderr":true,"stdout":"\r\u001b[34m\u001b[1mtrain: \u001b[0mScanning C:\\Users\\Me\\Downloads\\MJU_CheckMate-main\\data\\hyotto_test\\train\\labels...:   0%|          | 0/8 [00:00<?, ?it/s]"},"type":"ws_msg"}
{"payload":{"local_timestamp":1716765304213,"message_id":167,"stderr":true,"stdout":"\r\u001b[34m\u001b[1mtrain: \u001b[0mScanning C:\\Users\\Me\\Downloads\\MJU_CheckMate-main\\data\\hyotto_test\\train\\labels... 1 images, 0 backgrounds, 0 corrupt:  12%|#2        | 1/8 [00:12<01:26, 12.33s/it]"},"type":"ws_msg"}
{"payload":{"local_timestamp":1716765304277,"message_id":168,"stderr":true,"stdout":"\r\u001b[34m\u001b[1mtrain: \u001b[0mScanning C:\\Users\\Me\\Downloads\\MJU_CheckMate-main\\data\\hyotto_test\\train\\labels... 8 images, 0 backgrounds, 0 corrupt: 100%|##########| 8/8 [00:12<00:00,  1.55s/it]"},"type":"ws_msg"}
{"payload":{"local_timestamp":1716765304277,"message_id":169,"stderr":true,"stdout":"\n"},"type":"ws_msg"}
{"payload":{"local_timestamp":1716765304433,"message_id":170,"stderr":true,"stdout":"\u001b[34m\u001b[1mtrain: \u001b[0mNew cache created: C:\\Users\\Me\\Downloads\\MJU_CheckMate-main\\data\\hyotto_test\\train\\labels.cache\n"},"type":"ws_msg"}
{"payload":{"local_timestamp":1716765305115,"message_id":171,"stderr":true,"stdout":"\r\u001b[34m\u001b[1mval: \u001b[0mScanning C:\\Users\\Me\\Downloads\\MJU_CheckMate-main\\data\\hyotto_test\\valid\\labels...:   0%|          | 0/1 [00:00<?, ?it/s]"},"type":"ws_msg"}
{"payload":{"local_timestamp":1716765314443,"message_id":172,"metric":{"epoch":null,"metricName":"sys.gpu.0.gpu_utilization","metricValue":0,"step":null}},"type":"metric_msg"}
{"payload":{"local_timestamp":1716765314443,"message_id":173,"metric":{"epoch":null,"metricName":"sys.gpu.0.temperature","metricValue":59,"step":null}},"type":"metric_msg"}
{"payload":{"local_timestamp":1716765314443,"message_id":174,"metric":{"epoch":null,"metricName":"sys.gpu.0.memory_utilization","metricValue":0,"step":null}},"type":"metric_msg"}
{"payload":{"local_timestamp":1716765314443,"message_id":175,"metric":{"epoch":null,"metricName":"sys.gpu.0.free_memory","metricValue":761257984,"step":null}},"type":"metric_msg"}
{"payload":{"local_timestamp":1716765314443,"message_id":176,"metric":{"epoch":null,"metricName":"sys.gpu.0.used_memory","metricValue":1386225664,"step":null}},"type":"metric_msg"}
{"payload":{"local_timestamp":1716765314443,"message_id":177,"metric":{"epoch":null,"metricName":"sys.gpu.0.percent.used_memory","metricValue":64.55116271972656,"step":null}},"type":"metric_msg"}
{"payload":{"local_timestamp":1716765314563,"message_id":178,"metric":{"epoch":null,"metricName":"sys.cpu.percent.avg","metricValue":36.05,"step":null}},"type":"metric_msg"}
{"payload":{"local_timestamp":1716765314564,"message_id":179,"metric":{"epoch":null,"metricName":"sys.ram.total","metricValue":16487870464,"step":null}},"type":"metric_msg"}
{"payload":{"local_timestamp":1716765314564,"message_id":180,"metric":{"epoch":null,"metricName":"sys.ram.used","metricValue":16121458688,"step":null}},"type":"metric_msg"}
{"payload":{"local_timestamp":1716765314564,"message_id":181,"metric":{"epoch":null,"metricName":"sys.ram.available","metricValue":366411776,"step":null}},"type":"metric_msg"}
{"payload":{"local_timestamp":1716765314564,"message_id":182,"metric":{"epoch":null,"metricName":"sys.ram.percent.used","metricValue":97.8,"step":null}},"type":"metric_msg"}
{"payload":{"local_timestamp":1716765314564,"message_id":183,"metric":{"epoch":null,"metricName":"sys.load.avg","metricValue":0.47,"step":null}},"type":"metric_msg"}
{"payload":{"local_timestamp":1716765314674,"message_id":184,"metric":{"epoch":null,"metricName":"sys.network.send_bps","metricValue":1734,"step":null}},"type":"metric_msg"}
{"payload":{"local_timestamp":1716765314674,"message_id":185,"metric":{"epoch":null,"metricName":"sys.network.receive_bps","metricValue":38358,"step":null}},"type":"metric_msg"}
{"payload":{"local_timestamp":1716765314777,"message_id":186,"metric":{"epoch":null,"metricName":"sys.disk.read_bps","metricValue":490588.0360163054,"step":null}},"type":"metric_msg"}
{"payload":{"local_timestamp":1716765314777,"message_id":187,"metric":{"epoch":null,"metricName":"sys.disk.write_bps","metricValue":10352959.854509765,"step":null}},"type":"metric_msg"}
{"payload":{"local_timestamp":1716765327649,"message_id":188,"stderr":true,"stdout":"\r\u001b[34m\u001b[1mval: \u001b[0mScanning C:\\Users\\Me\\Downloads\\MJU_CheckMate-main\\data\\hyotto_test\\valid\\labels... 1 images, 0 backgrounds, 0 corrupt: 100%|##########| 1/1 [00:22<00:00, 22.53s/it]"},"type":"ws_msg"}
{"payload":{"local_timestamp":1716765327650,"message_id":189,"stderr":true,"stdout":"\r\u001b[34m\u001b[1mval: \u001b[0mScanning C:\\Users\\Me\\Downloads\\MJU_CheckMate-main\\data\\hyotto_test\\valid\\labels... 1 images, 0 backgrounds, 0 corrupt: 100%|##########| 1/1 [00:22<00:00, 22.53s/it]"},"type":"ws_msg"}
{"payload":{"local_timestamp":1716765327650,"message_id":190,"stderr":true,"stdout":"\n"},"type":"ws_msg"}
{"payload":{"local_timestamp":1716765327813,"message_id":191,"stderr":true,"stdout":"\u001b[34m\u001b[1mval: \u001b[0mNew cache created: C:\\Users\\Me\\Downloads\\MJU_CheckMate-main\\data\\hyotto_test\\valid\\labels.cache\n"},"type":"ws_msg"}
{"payload":{"local_timestamp":1716765327878,"message_id":192,"stderr":true,"stdout":"\n\u001b[34m\u001b[1mAutoAnchor: \u001b[0m2.00 anchors/target, 1.000 Best Possible Recall (BPR). Current anchors are a good fit to dataset \n"},"type":"ws_msg"}
{"payload":{"local_timestamp":1716765327973,"message_id":193,"stderr":true,"stdout":"Plotting labels to ..\\yolov5\\runs\\train\\hyotto_test2\\labels.jpg... \n"},"type":"ws_msg"}
{"payload":{"additional_params":{"assetId":"1d48a71c7b6a4e5cadc67e25095422ff","context":null,"extension":"jpg","fileName":"labels.jpg","overwrite":false,"runId":null,"step":null},"clean":true,"file_path":"tmp_g4wk8ih","local_timestamp":1716765331862,"message_id":194,"metadata":{},"upload_type":"asset"},"type":"file_upload"}
{"payload":{"additional_params":{"assetId":"1365658e6c4244a68c90847505befa6b","context":null,"extension":"jpg","fileName":"labels_correlogram.jpg","overwrite":false,"runId":null,"step":null},"clean":true,"file_path":"tmpor7gj5ep","local_timestamp":1716765331870,"message_id":195,"metadata":{},"upload_type":"asset"},"type":"file_upload"}
{"payload":{"local_timestamp":1716765331874,"message_id":196,"param":{"paramName":"cls","paramValue":0.01875,"source":"manual","step":null}},"type":"parameter_msg"}
{"payload":{"local_timestamp":1716765331875,"message_id":197,"stderr":true,"stdout":"Image sizes 640 train, 640 val\nUsing 8 dataloader workers\nLogging results to \u001b[1m..\\yolov5\\runs\\train\\hyotto_test2\u001b[0m\nStarting training for 1 epochs...\n"},"type":"ws_msg"}
{"payload":{"local_timestamp":1716765331876,"message_id":198,"stderr":true,"stdout":"\n      Epoch    GPU_mem   box_loss   obj_loss   cls_loss  Instances       Size\n"},"type":"ws_msg"}
{"payload":{"local_timestamp":1716765331876,"message_id":199,"stderr":true,"stdout":"\r  0%|          | 0/1 [00:00<?, ?it/s]"},"type":"ws_msg"}
{"payload":{"local_timestamp":1716765333513,"message_id":200,"param":{"paramName":"curr_step","paramValue":0,"source":"auto-logged","step":0}},"type":"parameter_msg"}
{"payload":{"graph":"DetectionModel(\n  (model): Sequential(\n    (0): Conv(\n      (conv): Conv2d(3, 32, kernel_size=(6, 6), stride=(2, 2), padding=(2, 2), bias=False)\n      (bn): BatchNorm2d(32, eps=0.001, momentum=0.03, affine=True, track_running_stats=True)\n      (act): SiLU(inplace=True)\n    )\n    (1): Conv(\n      (conv): Conv2d(32, 64, kernel_size=(3, 3), stride=(2, 2), padding=(1, 1), bias=False)\n      (bn): BatchNorm2d(64, eps=0.001, momentum=0.03, affine=True, track_running_stats=True)\n      (act): SiLU(inplace=True)\n    )\n    (2): C3(\n      (cv1): Conv(\n        (conv): Conv2d(64, 32, kernel_size=(1, 1), stride=(1, 1), bias=False)\n        (bn): BatchNorm2d(32, eps=0.001, momentum=0.03, affine=True, track_running_stats=True)\n        (act): SiLU(inplace=True)\n      )\n      (cv2): Conv(\n        (conv): Conv2d(64, 32, kernel_size=(1, 1), stride=(1, 1), bias=False)\n        (bn): BatchNorm2d(32, eps=0.001, momentum=0.03, affine=True, track_running_stats=True)\n        (act): SiLU(inplace=True)\n      )\n      (cv3): Conv(\n        (conv): Conv2d(64, 64, kernel_size=(1, 1), stride=(1, 1), bias=False)\n        (bn): BatchNorm2d(64, eps=0.001, momentum=0.03, affine=True, track_running_stats=True)\n        (act): SiLU(inplace=True)\n      )\n      (m): Sequential(\n        (0): Bottleneck(\n          (cv1): Conv(\n            (conv): Conv2d(32, 32, kernel_size=(1, 1), stride=(1, 1), bias=False)\n            (bn): BatchNorm2d(32, eps=0.001, momentum=0.03, affine=True, track_running_stats=True)\n            (act): SiLU(inplace=True)\n          )\n          (cv2): Conv(\n            (conv): Conv2d(32, 32, kernel_size=(3, 3), stride=(1, 1), padding=(1, 1), bias=False)\n            (bn): BatchNorm2d(32, eps=0.001, momentum=0.03, affine=True, track_running_stats=True)\n            (act): SiLU(inplace=True)\n          )\n        )\n      )\n    )\n    (3): Conv(\n      (conv): Conv2d(64, 128, kernel_size=(3, 3), stride=(2, 2), padding=(1, 1), bias=False)\n      (bn): BatchNorm2d(128, eps=0.001, momentum=0.03, affine=True, track_running_stats=True)\n      (act): SiLU(inplace=True)\n    )\n    (4): C3(\n      (cv1): Conv(\n        (conv): Conv2d(128, 64, kernel_size=(1, 1), stride=(1, 1), bias=False)\n        (bn): BatchNorm2d(64, eps=0.001, momentum=0.03, affine=True, track_running_stats=True)\n        (act): SiLU(inplace=True)\n      )\n      (cv2): Conv(\n        (conv): Conv2d(128, 64, kernel_size=(1, 1), stride=(1, 1), bias=False)\n        (bn): BatchNorm2d(64, eps=0.001, momentum=0.03, affine=True, track_running_stats=True)\n        (act): SiLU(inplace=True)\n      )\n      (cv3): Conv(\n        (conv): Conv2d(128, 128, kernel_size=(1, 1), stride=(1, 1), bias=False)\n        (bn): BatchNorm2d(128, eps=0.001, momentum=0.03, affine=True, track_running_stats=True)\n        (act): SiLU(inplace=True)\n      )\n      (m): Sequential(\n        (0): Bottleneck(\n          (cv1): Conv(\n            (conv): Conv2d(64, 64, kernel_size=(1, 1), stride=(1, 1), bias=False)\n            (bn): BatchNorm2d(64, eps=0.001, momentum=0.03, affine=True, track_running_stats=True)\n            (act): SiLU(inplace=True)\n          )\n          (cv2): Conv(\n            (conv): Conv2d(64, 64, kernel_size=(3, 3), stride=(1, 1), padding=(1, 1), bias=False)\n            (bn): BatchNorm2d(64, eps=0.001, momentum=0.03, affine=True, track_running_stats=True)\n            (act): SiLU(inplace=True)\n          )\n        )\n        (1): Bottleneck(\n          (cv1): Conv(\n            (conv): Conv2d(64, 64, kernel_size=(1, 1), stride=(1, 1), bias=False)\n            (bn): BatchNorm2d(64, eps=0.001, momentum=0.03, affine=True, track_running_stats=True)\n            (act): SiLU(inplace=True)\n          )\n          (cv2): Conv(\n            (conv): Conv2d(64, 64, kernel_size=(3, 3), stride=(1, 1), padding=(1, 1), bias=False)\n            (bn): BatchNorm2d(64, eps=0.001, momentum=0.03, affine=True, track_running_stats=True)\n            (act): SiLU(inplace=True)\n          )\n        )\n      )\n    )\n    (5): Conv(\n      (conv): Conv2d(128, 256, kernel_size=(3, 3), stride=(2, 2), padding=(1, 1), bias=False)\n      (bn): BatchNorm2d(256, eps=0.001, momentum=0.03, affine=True, track_running_stats=True)\n      (act): SiLU(inplace=True)\n    )\n    (6): C3(\n      (cv1): Conv(\n        (conv): Conv2d(256, 128, kernel_size=(1, 1), stride=(1, 1), bias=False)\n        (bn): BatchNorm2d(128, eps=0.001, momentum=0.03, affine=True, track_running_stats=True)\n        (act): SiLU(inplace=True)\n      )\n      (cv2): Conv(\n        (conv): Conv2d(256, 128, kernel_size=(1, 1), stride=(1, 1), bias=False)\n        (bn): BatchNorm2d(128, eps=0.001, momentum=0.03, affine=True, track_running_stats=True)\n        (act): SiLU(inplace=True)\n      )\n      (cv3): Conv(\n        (conv): Conv2d(256, 256, kernel_size=(1, 1), stride=(1, 1), bias=False)\n        (bn): BatchNorm2d(256, eps=0.001, momentum=0.03, affine=True, track_running_stats=True)\n        (act): SiLU(inplace=True)\n      )\n      (m): Sequential(\n        (0): Bottleneck(\n          (cv1): Conv(\n            (conv): Conv2d(128, 128, kernel_size=(1, 1), stride=(1, 1), bias=False)\n            (bn): BatchNorm2d(128, eps=0.001, momentum=0.03, affine=True, track_running_stats=True)\n            (act): SiLU(inplace=True)\n          )\n          (cv2): Conv(\n            (conv): Conv2d(128, 128, kernel_size=(3, 3), stride=(1, 1), padding=(1, 1), bias=False)\n            (bn): BatchNorm2d(128, eps=0.001, momentum=0.03, affine=True, track_running_stats=True)\n            (act): SiLU(inplace=True)\n          )\n        )\n        (1): Bottleneck(\n          (cv1): Conv(\n            (conv): Conv2d(128, 128, kernel_size=(1, 1), stride=(1, 1), bias=False)\n            (bn): BatchNorm2d(128, eps=0.001, momentum=0.03, affine=True, track_running_stats=True)\n            (act): SiLU(inplace=True)\n          )\n          (cv2): Conv(\n            (conv): Conv2d(128, 128, kernel_size=(3, 3), stride=(1, 1), padding=(1, 1), bias=False)\n            (bn): BatchNorm2d(128, eps=0.001, momentum=0.03, affine=True, track_running_stats=True)\n            (act): SiLU(inplace=True)\n          )\n        )\n        (2): Bottleneck(\n          (cv1): Conv(\n            (conv): Conv2d(128, 128, kernel_size=(1, 1), stride=(1, 1), bias=False)\n            (bn): BatchNorm2d(128, eps=0.001, momentum=0.03, affine=True, track_running_stats=True)\n            (act): SiLU(inplace=True)\n          )\n          (cv2): Conv(\n            (conv): Conv2d(128, 128, kernel_size=(3, 3), stride=(1, 1), padding=(1, 1), bias=False)\n            (bn): BatchNorm2d(128, eps=0.001, momentum=0.03, affine=True, track_running_stats=True)\n            (act): SiLU(inplace=True)\n          )\n        )\n      )\n    )\n    (7): Conv(\n      (conv): Conv2d(256, 512, kernel_size=(3, 3), stride=(2, 2), padding=(1, 1), bias=False)\n      (bn): BatchNorm2d(512, eps=0.001, momentum=0.03, affine=True, track_running_stats=True)\n      (act): SiLU(inplace=True)\n    )\n    (8): C3(\n      (cv1): Conv(\n        (conv): Conv2d(512, 256, kernel_size=(1, 1), stride=(1, 1), bias=False)\n        (bn): BatchNorm2d(256, eps=0.001, momentum=0.03, affine=True, track_running_stats=True)\n        (act): SiLU(inplace=True)\n      )\n      (cv2): Conv(\n        (conv): Conv2d(512, 256, kernel_size=(1, 1), stride=(1, 1), bias=False)\n        (bn): BatchNorm2d(256, eps=0.001, momentum=0.03, affine=True, track_running_stats=True)\n        (act): SiLU(inplace=True)\n      )\n      (cv3): Conv(\n        (conv): Conv2d(512, 512, kernel_size=(1, 1), stride=(1, 1), bias=False)\n        (bn): BatchNorm2d(512, eps=0.001, momentum=0.03, affine=True, track_running_stats=True)\n        (act): SiLU(inplace=True)\n      )\n      (m): Sequential(\n        (0): Bottleneck(\n          (cv1): Conv(\n            (conv): Conv2d(256, 256, kernel_size=(1, 1), stride=(1, 1), bias=False)\n            (bn): BatchNorm2d(256, eps=0.001, momentum=0.03, affine=True, track_running_stats=True)\n            (act): SiLU(inplace=True)\n          )\n          (cv2): Conv(\n            (conv): Conv2d(256, 256, kernel_size=(3, 3), stride=(1, 1), padding=(1, 1), bias=False)\n            (bn): BatchNorm2d(256, eps=0.001, momentum=0.03, affine=True, track_running_stats=True)\n            (act): SiLU(inplace=True)\n          )\n        )\n      )\n    )\n    (9): SPPF(\n      (cv1): Conv(\n        (conv): Conv2d(512, 256, kernel_size=(1, 1), stride=(1, 1), bias=False)\n        (bn): BatchNorm2d(256, eps=0.001, momentum=0.03, affine=True, track_running_stats=True)\n        (act): SiLU(inplace=True)\n      )\n      (cv2): Conv(\n        (conv): Conv2d(1024, 512, kernel_size=(1, 1), stride=(1, 1), bias=False)\n        (bn): BatchNorm2d(512, eps=0.001, momentum=0.03, affine=True, track_running_stats=True)\n        (act): SiLU(inplace=True)\n      )\n      (m): MaxPool2d(kernel_size=5, stride=1, padding=2, dilation=1, ceil_mode=False)\n    )\n    (10): Conv(\n      (conv): Conv2d(512, 256, kernel_size=(1, 1), stride=(1, 1), bias=False)\n      (bn): BatchNorm2d(256, eps=0.001, momentum=0.03, affine=True, track_running_stats=True)\n      (act): SiLU(inplace=True)\n    )\n    (11): Upsample(scale_factor=2.0, mode='nearest')\n    (12): Concat()\n    (13): C3(\n      (cv1): Conv(\n        (conv): Conv2d(512, 128, kernel_size=(1, 1), stride=(1, 1), bias=False)\n        (bn): BatchNorm2d(128, eps=0.001, momentum=0.03, affine=True, track_running_stats=True)\n        (act): SiLU(inplace=True)\n      )\n      (cv2): Conv(\n        (conv): Conv2d(512, 128, kernel_size=(1, 1), stride=(1, 1), bias=False)\n        (bn): BatchNorm2d(128, eps=0.001, momentum=0.03, affine=True, track_running_stats=True)\n        (act): SiLU(inplace=True)\n      )\n      (cv3): Conv(\n        (conv): Conv2d(256, 256, kernel_size=(1, 1), stride=(1, 1), bias=False)\n        (bn): BatchNorm2d(256, eps=0.001, momentum=0.03, affine=True, track_running_stats=True)\n        (act): SiLU(inplace=True)\n      )\n      (m): Sequential(\n        (0): Bottleneck(\n          (cv1): Conv(\n            (conv): Conv2d(128, 128, kernel_size=(1, 1), stride=(1, 1), bias=False)\n            (bn): BatchNorm2d(128, eps=0.001, momentum=0.03, affine=True, track_running_stats=True)\n            (act): SiLU(inplace=True)\n          )\n          (cv2): Conv(\n            (conv): Conv2d(128, 128, kernel_size=(3, 3), stride=(1, 1), padding=(1, 1), bias=False)\n            (bn): BatchNorm2d(128, eps=0.001, momentum=0.03, affine=True, track_running_stats=True)\n            (act): SiLU(inplace=True)\n          )\n        )\n      )\n    )\n    (14): Conv(\n      (conv): Conv2d(256, 128, kernel_size=(1, 1), stride=(1, 1), bias=False)\n      (bn): BatchNorm2d(128, eps=0.001, momentum=0.03, affine=True, track_running_stats=True)\n      (act): SiLU(inplace=True)\n    )\n    (15): Upsample(scale_factor=2.0, mode='nearest')\n    (16): Concat()\n    (17): C3(\n      (cv1): Conv(\n        (conv): Conv2d(256, 64, kernel_size=(1, 1), stride=(1, 1), bias=False)\n        (bn): BatchNorm2d(64, eps=0.001, momentum=0.03, affine=True, track_running_stats=True)\n        (act): SiLU(inplace=True)\n      )\n      (cv2): Conv(\n        (conv): Conv2d(256, 64, kernel_size=(1, 1), stride=(1, 1), bias=False)\n        (bn): BatchNorm2d(64, eps=0.001, momentum=0.03, affine=True, track_running_stats=True)\n        (act): SiLU(inplace=True)\n      )\n      (cv3): Conv(\n        (conv): Conv2d(128, 128, kernel_size=(1, 1), stride=(1, 1), bias=False)\n        (bn): BatchNorm2d(128, eps=0.001, momentum=0.03, affine=True, track_running_stats=True)\n        (act): SiLU(inplace=True)\n      )\n      (m): Sequential(\n        (0): Bottleneck(\n          (cv1): Conv(\n            (conv): Conv2d(64, 64, kernel_size=(1, 1), stride=(1, 1), bias=False)\n            (bn): BatchNorm2d(64, eps=0.001, momentum=0.03, affine=True, track_running_stats=True)\n            (act): SiLU(inplace=True)\n          )\n          (cv2): Conv(\n            (conv): Conv2d(64, 64, kernel_size=(3, 3), stride=(1, 1), padding=(1, 1), bias=False)\n            (bn): BatchNorm2d(64, eps=0.001, momentum=0.03, affine=True, track_running_stats=True)\n            (act): SiLU(inplace=True)\n          )\n        )\n      )\n    )\n    (18): Conv(\n      (conv): Conv2d(128, 128, kernel_size=(3, 3), stride=(2, 2), padding=(1, 1), bias=False)\n      (bn): BatchNorm2d(128, eps=0.001, momentum=0.03, affine=True, track_running_stats=True)\n      (act): SiLU(inplace=True)\n    )\n    (19): Concat()\n    (20): C3(\n      (cv1): Conv(\n        (conv): Conv2d(256, 128, kernel_size=(1, 1), stride=(1, 1), bias=False)\n        (bn): BatchNorm2d(128, eps=0.001, momentum=0.03, affine=True, track_running_stats=True)\n        (act): SiLU(inplace=True)\n      )\n      (cv2): Conv(\n        (conv): Conv2d(256, 128, kernel_size=(1, 1), stride=(1, 1), bias=False)\n        (bn): BatchNorm2d(128, eps=0.001, momentum=0.03, affine=True, track_running_stats=True)\n        (act): SiLU(inplace=True)\n      )\n      (cv3): Conv(\n        (conv): Conv2d(256, 256, kernel_size=(1, 1), stride=(1, 1), bias=False)\n        (bn): BatchNorm2d(256, eps=0.001, momentum=0.03, affine=True, track_running_stats=True)\n        (act): SiLU(inplace=True)\n      )\n      (m): Sequential(\n        (0): Bottleneck(\n          (cv1): Conv(\n            (conv): Conv2d(128, 128, kernel_size=(1, 1), stride=(1, 1), bias=False)\n            (bn): BatchNorm2d(128, eps=0.001, momentum=0.03, affine=True, track_running_stats=True)\n            (act): SiLU(inplace=True)\n          )\n          (cv2): Conv(\n            (conv): Conv2d(128, 128, kernel_size=(3, 3), stride=(1, 1), padding=(1, 1), bias=False)\n            (bn): BatchNorm2d(128, eps=0.001, momentum=0.03, affine=True, track_running_stats=True)\n            (act): SiLU(inplace=True)\n          )\n        )\n      )\n    )\n    (21): Conv(\n      (conv): Conv2d(256, 256, kernel_size=(3, 3), stride=(2, 2), padding=(1, 1), bias=False)\n      (bn): BatchNorm2d(256, eps=0.001, momentum=0.03, affine=True, track_running_stats=True)\n      (act): SiLU(inplace=True)\n    )\n    (22): Concat()\n    (23): C3(\n      (cv1): Conv(\n        (conv): Conv2d(512, 256, kernel_size=(1, 1), stride=(1, 1), bias=False)\n        (bn): BatchNorm2d(256, eps=0.001, momentum=0.03, affine=True, track_running_stats=True)\n        (act): SiLU(inplace=True)\n      )\n      (cv2): Conv(\n        (conv): Conv2d(512, 256, kernel_size=(1, 1), stride=(1, 1), bias=False)\n        (bn): BatchNorm2d(256, eps=0.001, momentum=0.03, affine=True, track_running_stats=True)\n        (act): SiLU(inplace=True)\n      )\n      (cv3): Conv(\n        (conv): Conv2d(512, 512, kernel_size=(1, 1), stride=(1, 1), bias=False)\n        (bn): BatchNorm2d(512, eps=0.001, momentum=0.03, affine=True, track_running_stats=True)\n        (act): SiLU(inplace=True)\n      )\n      (m): Sequential(\n        (0): Bottleneck(\n          (cv1): Conv(\n            (conv): Conv2d(256, 256, kernel_size=(1, 1), stride=(1, 1), bias=False)\n            (bn): BatchNorm2d(256, eps=0.001, momentum=0.03, affine=True, track_running_stats=True)\n            (act): SiLU(inplace=True)\n          )\n          (cv2): Conv(\n            (conv): Conv2d(256, 256, kernel_size=(3, 3), stride=(1, 1), padding=(1, 1), bias=False)\n            (bn): BatchNorm2d(256, eps=0.001, momentum=0.03, affine=True, track_running_stats=True)\n            (act): SiLU(inplace=True)\n          )\n        )\n      )\n    )\n    (24): Detect(\n      (m): ModuleList(\n        (0): Conv2d(128, 24, kernel_size=(1, 1), stride=(1, 1))\n        (1): Conv2d(256, 24, kernel_size=(1, 1), stride=(1, 1))\n        (2): Conv2d(512, 24, kernel_size=(1, 1), stride=(1, 1))\n      )\n    )\n  )\n)","local_timestamp":1716765333515,"message_id":201},"type":"ws_msg"}
{"payload":{"local_timestamp":1716765334502,"message_id":202,"metric":{"epoch":null,"metricName":"loss","metricValue":"NaN","step":0}},"type":"metric_msg"}
{"payload":{"local_timestamp":1716765334543,"message_id":203,"stderr":true,"stdout":"\r        0/0      1.72G        nan        nan        nan         22        640:   0%|          | 0/1 [00:02<?, ?it/s]"},"type":"ws_msg"}
{"payload":{"local_timestamp":1716765336335,"message_id":204,"stderr":true,"stdout":"\r        0/0      1.72G        nan        nan        nan         22        640: 100%|##########| 1/1 [00:04<00:00,  4.46s/it]"},"type":"ws_msg"}
{"payload":{"local_timestamp":1716765336335,"message_id":205,"stderr":true,"stdout":"\r        0/0      1.72G        nan        nan        nan         22        640: 100%|##########| 1/1 [00:04<00:00,  4.46s/it]"},"type":"ws_msg"}
{"payload":{"local_timestamp":1716765336335,"message_id":206,"stderr":true,"stdout":"\n"},"type":"ws_msg"}
{"payload":{"local_timestamp":1716765336350,"message_id":207,"stderr":true,"stdout":"\r                 Class     Images  Instances          P          R      mAP50   mAP50-95:   0%|          | 0/1 [00:00<?, ?it/s]"},"type":"ws_msg"}
{"payload":{"local_timestamp":1716765336528,"message_id":208,"stderr":true,"stdout":"\r                 Class     Images  Instances          P          R      mAP50   mAP50-95: 100%|##########| 1/1 [00:00<00:00,  5.62it/s]"},"type":"ws_msg"}
{"payload":{"local_timestamp":1716765336529,"message_id":209,"stderr":true,"stdout":"\r                 Class     Images  Instances          P          R      mAP50   mAP50-95: 100%|##########| 1/1 [00:00<00:00,  5.62it/s]"},"type":"ws_msg"}
{"payload":{"local_timestamp":1716765336529,"message_id":210,"stderr":true,"stdout":"\n"},"type":"ws_msg"}
{"payload":{"local_timestamp":1716765336529,"message_id":211,"stderr":true,"stdout":"                   all          1          1          0          0          0          0\n"},"type":"ws_msg"}
{"payload":{"local_timestamp":1716765336541,"message_id":212,"metric":{"epoch":0,"metricName":"train/box_loss","metricValue":"NaN","step":0}},"type":"metric_msg"}
{"payload":{"local_timestamp":1716765336543,"message_id":213,"metric":{"epoch":0,"metricName":"train/obj_loss","metricValue":"NaN","step":0}},"type":"metric_msg"}
{"payload":{"local_timestamp":1716765336544,"message_id":214,"metric":{"epoch":0,"metricName":"train/cls_loss","metricValue":"NaN","step":0}},"type":"metric_msg"}
{"payload":{"local_timestamp":1716765336544,"message_id":215,"metric":{"epoch":0,"metricName":"metrics/precision","metricValue":0.0,"step":0}},"type":"metric_msg"}
{"payload":{"local_timestamp":1716765336544,"message_id":216,"metric":{"epoch":0,"metricName":"metrics/recall","metricValue":0.0,"step":0}},"type":"metric_msg"}
{"payload":{"local_timestamp":1716765336544,"message_id":217,"metric":{"epoch":0,"metricName":"metrics/mAP_0.5","metricValue":0.0,"step":0}},"type":"metric_msg"}
{"payload":{"local_timestamp":1716765336544,"message_id":218,"metric":{"epoch":0,"metricName":"metrics/mAP_0.5:0.95","metricValue":0.0,"step":0}},"type":"metric_msg"}
{"payload":{"local_timestamp":1716765336544,"message_id":219,"metric":{"epoch":0,"metricName":"val/box_loss","metricValue":"NaN","step":0}},"type":"metric_msg"}
{"payload":{"local_timestamp":1716765336544,"message_id":220,"metric":{"epoch":0,"metricName":"val/obj_loss","metricValue":"NaN","step":0}},"type":"metric_msg"}
{"payload":{"local_timestamp":1716765336544,"message_id":221,"metric":{"epoch":0,"metricName":"val/cls_loss","metricValue":"NaN","step":0}},"type":"metric_msg"}
{"payload":{"local_timestamp":1716765336544,"message_id":222,"metric":{"epoch":0,"metricName":"x/lr0","metricValue":0.1,"step":0}},"type":"metric_msg"}
{"payload":{"local_timestamp":1716765336544,"message_id":223,"metric":{"epoch":0,"metricName":"x/lr1","metricValue":0.0,"step":0}},"type":"metric_msg"}
{"payload":{"local_timestamp":1716765336545,"message_id":224,"metric":{"epoch":0,"metricName":"x/lr2","metricValue":0.0,"step":0}},"type":"metric_msg"}
{"payload":{"local_timestamp":1716765336545,"message_id":225,"param":{"paramName":"curr_epoch","paramValue":0,"source":"auto-logged","step":0}},"type":"parameter_msg"}
{"payload":{"local_timestamp":1716765336545,"message_id":226,"metric":{"epoch":0,"metricName":"metrics/mAP_0.5","metricValue":0.0,"step":0}},"type":"metric_msg"}
{"payload":{"local_timestamp":1716765336545,"message_id":227,"metric":{"epoch":0,"metricName":"metrics/mAP_0.5:0.95","metricValue":0.0,"step":0}},"type":"metric_msg"}
{"payload":{"local_timestamp":1716765336545,"message_id":228,"metric":{"epoch":0,"metricName":"metrics/precision","metricValue":0.0,"step":0}},"type":"metric_msg"}
{"payload":{"local_timestamp":1716765336545,"message_id":229,"metric":{"epoch":0,"metricName":"metrics/recall","metricValue":0.0,"step":0}},"type":"metric_msg"}
{"payload":{"local_timestamp":1716765336545,"message_id":230,"metric":{"epoch":0,"metricName":"train/box_loss","metricValue":"NaN","step":0}},"type":"metric_msg"}
{"payload":{"local_timestamp":1716765336545,"message_id":231,"metric":{"epoch":0,"metricName":"train/cls_loss","metricValue":"NaN","step":0}},"type":"metric_msg"}
{"payload":{"local_timestamp":1716765336546,"message_id":232,"metric":{"epoch":0,"metricName":"train/obj_loss","metricValue":"NaN","step":0}},"type":"metric_msg"}
{"payload":{"local_timestamp":1716765336546,"message_id":233,"metric":{"epoch":0,"metricName":"val/box_loss","metricValue":"NaN","step":0}},"type":"metric_msg"}
{"payload":{"local_timestamp":1716765336546,"message_id":234,"metric":{"epoch":0,"metricName":"val/cls_loss","metricValue":"NaN","step":0}},"type":"metric_msg"}
{"payload":{"local_timestamp":1716765336546,"message_id":235,"metric":{"epoch":0,"metricName":"val/obj_loss","metricValue":"NaN","step":0}},"type":"metric_msg"}
{"payload":{"local_timestamp":1716765336546,"message_id":236,"metric":{"epoch":0,"metricName":"x/lr0","metricValue":0.1,"step":0}},"type":"metric_msg"}
{"payload":{"local_timestamp":1716765336546,"message_id":237,"metric":{"epoch":0,"metricName":"x/lr1","metricValue":0.0,"step":0}},"type":"metric_msg"}
{"payload":{"local_timestamp":1716765336546,"message_id":238,"metric":{"epoch":0,"metricName":"x/lr2","metricValue":0.0,"step":0}},"type":"metric_msg"}
{"payload":{"local_timestamp":1716765336880,"message_id":239,"stderr":true,"stdout":"\n1 epochs completed in 0.001 hours.\n"},"type":"ws_msg"}
{"payload":{"local_timestamp":1716765336986,"message_id":240,"stderr":true,"stdout":"Optimizer stripped from ..\\yolov5\\runs\\train\\hyotto_test2\\weights\\last.pt, 14.4MB\n"},"type":"ws_msg"}
{"payload":{"local_timestamp":1716765337077,"message_id":241,"stderr":true,"stdout":"Optimizer stripped from ..\\yolov5\\runs\\train\\hyotto_test2\\weights\\best.pt, 14.4MB\n"},"type":"ws_msg"}
{"payload":{"local_timestamp":1716765337077,"message_id":242,"stderr":true,"stdout":"\nValidating ..\\yolov5\\runs\\train\\hyotto_test2\\weights\\best.pt...\n"},"type":"ws_msg"}
{"payload":{"local_timestamp":1716765337140,"message_id":243,"stderr":true,"stdout":"Fusing layers... \n"},"type":"ws_msg"}
{"payload":{"local_timestamp":1716765337290,"message_id":244,"stderr":true,"stdout":"YOLOv5s summary: 157 layers, 7018216 parameters, 0 gradients, 15.8 GFLOPs\n"},"type":"ws_msg"}
{"payload":{"local_timestamp":1716765337299,"message_id":245,"stderr":true,"stdout":"\r                 Class     Images  Instances          P          R      mAP50   mAP50-95:   0%|          | 0/1 [00:00<?, ?it/s]"},"type":"ws_msg"}
{"payload":{"local_timestamp":1716765337432,"message_id":246,"stderr":true,"stdout":"\r                 Class     Images  Instances          P          R      mAP50   mAP50-95: 100%|##########| 1/1 [00:00<00:00,  7.56it/s]"},"type":"ws_msg"}
{"payload":{"local_timestamp":1716765337433,"message_id":247,"stderr":true,"stdout":"\r                 Class     Images  Instances          P          R      mAP50   mAP50-95: 100%|##########| 1/1 [00:00<00:00,  7.56it/s]"},"type":"ws_msg"}
{"payload":{"local_timestamp":1716765337433,"message_id":248,"stderr":true,"stdout":"\n"},"type":"ws_msg"}
{"payload":{"local_timestamp":1716765337433,"message_id":249,"stderr":true,"stdout":"                   all          1          1          0          0          0          0\n"},"type":"ws_msg"}
{"payload":{"additional_params":{"assetId":"2374e78d8fe4496ab7dd82ac65281a29","context":null,"epoch":0,"extension":"json","fileName":"confusion-matrix-epoch-0.json","overwrite":false,"runId":null,"step":0,"type":"confusion-matrix"},"clean":true,"file_path":"tmpcju1vz6k","local_timestamp":1716765337833,"message_id":250,"metadata":{},"upload_type":"confusion-matrix"},"type":"file_upload"}
{"payload":{"local_timestamp":1716765338847,"message_id":251,"stderr":true,"stdout":"Results saved to \u001b[1m..\\yolov5\\runs\\train\\hyotto_test2\u001b[0m\n"},"type":"ws_msg"}
{"payload":{"additional_params":{"context":null,"figCounter":0,"figName":"results","imageId":"cda48ec750b44f2a84b81ff8362bfe8e","overwrite":false,"runId":null,"step":0},"clean":true,"file_path":"tmpe3hgzsls","local_timestamp":1716765339166,"message_id":252,"metadata":{},"upload_type":"visualization"},"type":"file_upload"}
{"payload":{"additional_params":{"context":null,"figCounter":1,"figName":"confusion_matrix","imageId":"aa20a26a08ee4a9cb163eb9956484421","overwrite":false,"runId":null,"step":0},"clean":true,"file_path":"tmpih62yl2s","local_timestamp":1716765339895,"message_id":253,"metadata":{},"upload_type":"visualization"},"type":"file_upload"}
{"payload":{"additional_params":{"assetId":"0fc861049a01420f94e8efb97367c9c1","context":null,"epoch":0,"extension":"json","fileName":"image-metadata.json","overwrite":false,"runId":null,"step":0},"clean":true,"file_path":"tmptaif9dwn","local_timestamp":1716765339898,"message_id":254,"metadata":{},"upload_type":"asset"},"type":"file_upload"}
{"payload":{"additional_params":{"assetId":"fdfb958949704aca8263506a34e5392f","context":null,"extension":"png","fileName":"results.png","overwrite":false,"runId":null,"step":0},"clean":true,"file_path":"tmpnkh2ydrg","local_timestamp":1716765339897,"message_id":255,"metadata":{"epoch":0},"upload_type":"asset"},"type":"file_upload"}
{"payload":{"additional_params":{"assetId":"e7cd2563c5874c7d96c4308e1fc2a8ad","context":null,"extension":"png","fileName":"confusion_matrix.png","overwrite":false,"runId":null,"step":0},"clean":true,"file_path":"tmp1lqw_sjj","local_timestamp":1716765339898,"message_id":256,"metadata":{"epoch":0},"upload_type":"asset"},"type":"file_upload"}
{"payload":{"additional_params":{"assetId":"681bbdca74b549bfb05e4cab3e2983a9","context":null,"extension":"csv","fileName":"results.csv","overwrite":false,"runId":null,"step":0},"clean":true,"file_path":"tmpmv4yfymp","local_timestamp":1716765339899,"message_id":257,"metadata":{"epoch":0},"upload_type":"asset"},"type":"file_upload"}
{"payload":{"local_timestamp":1716765339900,"log_other":{"key":"Created from","val":"pytorch"},"message_id":258},"type":"ws_msg"}
{"payload":{"local_timestamp":1716765339900,"log_other":{"key":"Created from","val":"pytorch-tensorboard"},"message_id":259},"type":"ws_msg"}
{"payload":{"local_timestamp":1716765339900,"message_id":260,"stderr":true,"stdout":"COMET INFO: ---------------------------------------------------------------------------------------\n"},"type":"ws_msg"}
{"payload":{"local_timestamp":1716765339901,"message_id":261,"stderr":true,"stdout":"COMET INFO: Comet.ml OfflineExperiment Summary\n"},"type":"ws_msg"}
{"payload":{"local_timestamp":1716765339901,"message_id":262,"stderr":true,"stdout":"COMET INFO: ---------------------------------------------------------------------------------------\n"},"type":"ws_msg"}
{"payload":{"local_timestamp":1716765339901,"message_id":263,"stderr":true,"stdout":"COMET INFO:   Data:\n"},"type":"ws_msg"}
{"payload":{"local_timestamp":1716765339902,"message_id":264,"stderr":true,"stdout":"COMET INFO:     display_summary_level : 1\n"},"type":"ws_msg"}
{"payload":{"local_timestamp":1716765339902,"message_id":265,"stderr":true,"stdout":"COMET INFO:     name                  : hyotto_test\n"},"type":"ws_msg"}
{"payload":{"local_timestamp":1716765339902,"message_id":266,"stderr":true,"stdout":"COMET INFO:     url                   : [OfflineExperiment will get URL after upload]\n"},"type":"ws_msg"}
{"payload":{"local_timestamp":1716765339902,"message_id":267,"stderr":true,"stdout":"COMET INFO:   Metrics:\n"},"type":"ws_msg"}
{"payload":{"local_timestamp":1716765339902,"message_id":268,"stderr":true,"stdout":"COMET INFO:     loss                 : nan\n"},"type":"ws_msg"}
{"payload":{"local_timestamp":1716765339902,"message_id":269,"stderr":true,"stdout":"COMET INFO:     metrics/mAP_0.5      : 0.0\n"},"type":"ws_msg"}
{"payload":{"local_timestamp":1716765339902,"message_id":270,"stderr":true,"stdout":"COMET INFO:     metrics/mAP_0.5:0.95 : 0.0\n"},"type":"ws_msg"}
{"payload":{"local_timestamp":1716765339902,"message_id":271,"stderr":true,"stdout":"COMET INFO:     metrics/precision    : 0.0\n"},"type":"ws_msg"}
{"payload":{"local_timestamp":1716765339903,"message_id":272,"stderr":true,"stdout":"COMET INFO:     metrics/recall       : 0.0\n"},"type":"ws_msg"}
{"payload":{"local_timestamp":1716765339903,"message_id":273,"stderr":true,"stdout":"COMET INFO:     train/box_loss       : nan\n"},"type":"ws_msg"}
{"payload":{"local_timestamp":1716765339903,"message_id":274,"stderr":true,"stdout":"COMET INFO:     train/cls_loss       : nan\n"},"type":"ws_msg"}
{"payload":{"local_timestamp":1716765339903,"message_id":275,"stderr":true,"stdout":"COMET INFO:     train/obj_loss       : nan\n"},"type":"ws_msg"}
{"payload":{"local_timestamp":1716765339903,"message_id":276,"stderr":true,"stdout":"COMET INFO:     val/box_loss         : nan\n"},"type":"ws_msg"}
{"payload":{"local_timestamp":1716765339903,"message_id":277,"stderr":true,"stdout":"COMET INFO:     val/cls_loss         : nan\n"},"type":"ws_msg"}
{"payload":{"local_timestamp":1716765339903,"message_id":278,"stderr":true,"stdout":"COMET INFO:     val/obj_loss         : nan\n"},"type":"ws_msg"}
{"payload":{"local_timestamp":1716765339903,"message_id":279,"stderr":true,"stdout":"COMET INFO:     x/lr0                : 0.1\n"},"type":"ws_msg"}
{"payload":{"local_timestamp":1716765339903,"message_id":280,"stderr":true,"stdout":"COMET INFO:     x/lr1                : 0.0\n"},"type":"ws_msg"}
{"payload":{"local_timestamp":1716765339903,"message_id":281,"stderr":true,"stdout":"COMET INFO:     x/lr2                : 0.0\n"},"type":"ws_msg"}
{"payload":{"local_timestamp":1716765339903,"message_id":282,"stderr":true,"stdout":"COMET INFO:   Others:\n"},"type":"ws_msg"}
{"payload":{"local_timestamp":1716765339903,"message_id":283,"stderr":true,"stdout":"COMET INFO:     Name                        : hyotto_test\n"},"type":"ws_msg"}
{"payload":{"local_timestamp":1716765339903,"message_id":284,"stderr":true,"stdout":"COMET INFO:     comet_log_batch_metrics     : False\n"},"type":"ws_msg"}
{"payload":{"local_timestamp":1716765339903,"message_id":285,"stderr":true,"stdout":"COMET INFO:     comet_log_confusion_matrix  : True\n"},"type":"ws_msg"}
{"payload":{"local_timestamp":1716765339904,"message_id":286,"stderr":true,"stdout":"COMET INFO:     comet_log_per_class_metrics : False\n"},"type":"ws_msg"}
{"payload":{"local_timestamp":1716765339904,"message_id":287,"stderr":true,"stdout":"COMET INFO:     comet_max_image_uploads     : 100\n"},"type":"ws_msg"}
{"payload":{"local_timestamp":1716765339904,"message_id":288,"stderr":true,"stdout":"COMET INFO:     comet_mode                  : online\n"},"type":"ws_msg"}
{"payload":{"local_timestamp":1716765339904,"message_id":289,"stderr":true,"stdout":"COMET INFO:     comet_model_name            : yolov5\n"},"type":"ws_msg"}
{"payload":{"local_timestamp":1716765339904,"message_id":290,"stderr":true,"stdout":"COMET INFO:     hasNestedParams             : True\n"},"type":"ws_msg"}
{"payload":{"local_timestamp":1716765339905,"message_id":291,"stderr":true,"stdout":"COMET INFO:     offline_experiment          : True\n"},"type":"ws_msg"}
{"payload":{"local_timestamp":1716765339905,"message_id":292,"stderr":true,"stdout":"COMET INFO:   Parameters:\n"},"type":"ws_msg"}
{"payload":{"local_timestamp":1716765339905,"message_id":293,"stderr":true,"stdout":"COMET INFO:     anchor_t            : 4.0\n"},"type":"ws_msg"}
{"payload":{"local_timestamp":1716765339905,"message_id":294,"stderr":true,"stdout":"COMET INFO:     artifact_alias      : latest\n"},"type":"ws_msg"}
{"payload":{"local_timestamp":1716765339905,"message_id":295,"stderr":true,"stdout":"COMET INFO:     batch_size          : 16\n"},"type":"ws_msg"}
{"payload":{"local_timestamp":1716765339905,"message_id":296,"stderr":true,"stdout":"COMET INFO:     bbox_interval       : -1\n"},"type":"ws_msg"}
{"payload":{"local_timestamp":1716765339905,"message_id":297,"stderr":true,"stdout":"COMET INFO:     box                 : 0.05\n"},"type":"ws_msg"}
{"payload":{"local_timestamp":1716765339905,"message_id":298,"stderr":true,"stdout":"COMET INFO:     bucket              : \n"},"type":"ws_msg"}
{"payload":{"local_timestamp":1716765339905,"message_id":299,"stderr":true,"stdout":"COMET INFO:     cache               : None\n"},"type":"ws_msg"}
{"payload":{"local_timestamp":1716765339906,"message_id":300,"stderr":true,"stdout":"COMET INFO:     cls                 : 0.01875\n"},"type":"ws_msg"}
{"payload":{"local_timestamp":1716765339906,"message_id":301,"stderr":true,"stdout":"COMET INFO:     cls_pw              : 1.0\n"},"type":"ws_msg"}
{"payload":{"local_timestamp":1716765339906,"message_id":302,"stderr":true,"stdout":"COMET INFO:     copy_paste          : 0.0\n"},"type":"ws_msg"}
{"payload":{"local_timestamp":1716765339906,"message_id":303,"stderr":true,"stdout":"COMET INFO:     cos_lr              : False\n"},"type":"ws_msg"}
{"payload":{"local_timestamp":1716765339906,"message_id":304,"stderr":true,"stdout":"COMET INFO:     degrees             : 0.0\n"},"type":"ws_msg"}
{"payload":{"local_timestamp":1716765339906,"message_id":305,"stderr":true,"stdout":"COMET INFO:     device              : \n"},"type":"ws_msg"}
{"payload":{"local_timestamp":1716765339906,"message_id":306,"stderr":true,"stdout":"COMET INFO:     entity              : None\n"},"type":"ws_msg"}
{"payload":{"local_timestamp":1716765339907,"message_id":307,"stderr":true,"stdout":"COMET INFO:     evolve              : None\n"},"type":"ws_msg"}
{"payload":{"local_timestamp":1716765339907,"message_id":308,"stderr":true,"stdout":"COMET INFO:     evolve_population   : ..\\yolov5\\data\\hyps\n"},"type":"ws_msg"}
{"payload":{"local_timestamp":1716765339907,"message_id":309,"stderr":true,"stdout":"COMET INFO:     exist_ok            : False\n"},"type":"ws_msg"}
{"payload":{"local_timestamp":1716765339907,"message_id":310,"stderr":true,"stdout":"COMET INFO:     fl_gamma            : 0.0\n"},"type":"ws_msg"}
{"payload":{"local_timestamp":1716765339907,"message_id":311,"stderr":true,"stdout":"COMET INFO:     fliplr              : 0.5\n"},"type":"ws_msg"}
{"payload":{"local_timestamp":1716765339907,"message_id":312,"stderr":true,"stdout":"COMET INFO:     flipud              : 0.0\n"},"type":"ws_msg"}
{"payload":{"local_timestamp":1716765339907,"message_id":313,"stderr":true,"stdout":"COMET INFO:     freeze              : [0]\n"},"type":"ws_msg"}
{"payload":{"local_timestamp":1716765339907,"message_id":314,"stderr":true,"stdout":"COMET INFO:     hsv_h               : 0.015\n"},"type":"ws_msg"}
{"payload":{"local_timestamp":1716765339907,"message_id":315,"stderr":true,"stdout":"COMET INFO:     hsv_s               : 0.7\n"},"type":"ws_msg"}
{"payload":{"local_timestamp":1716765339908,"message_id":316,"stderr":true,"stdout":"COMET INFO:     hsv_v               : 0.4\n"},"type":"ws_msg"}
{"payload":{"local_timestamp":1716765339908,"message_id":317,"stderr":true,"stdout":"COMET INFO:     hyp|anchor_t        : 4.0\n"},"type":"ws_msg"}
{"payload":{"local_timestamp":1716765339908,"message_id":318,"stderr":true,"stdout":"COMET INFO:     hyp|box             : 0.05\n"},"type":"ws_msg"}
{"payload":{"local_timestamp":1716765339908,"message_id":319,"stderr":true,"stdout":"COMET INFO:     hyp|cls             : 0.5\n"},"type":"ws_msg"}
{"payload":{"local_timestamp":1716765339908,"message_id":320,"stderr":true,"stdout":"COMET INFO:     hyp|cls_pw          : 1.0\n"},"type":"ws_msg"}
{"payload":{"local_timestamp":1716765339908,"message_id":321,"stderr":true,"stdout":"COMET INFO:     hyp|copy_paste      : 0.0\n"},"type":"ws_msg"}
{"payload":{"local_timestamp":1716765339909,"message_id":322,"stderr":true,"stdout":"COMET INFO:     hyp|degrees         : 0.0\n"},"type":"ws_msg"}
{"payload":{"local_timestamp":1716765339909,"message_id":323,"stderr":true,"stdout":"COMET INFO:     hyp|fl_gamma        : 0.0\n"},"type":"ws_msg"}
{"payload":{"local_timestamp":1716765339909,"message_id":324,"stderr":true,"stdout":"COMET INFO:     hyp|fliplr          : 0.5\n"},"type":"ws_msg"}
{"payload":{"local_timestamp":1716765339909,"message_id":325,"stderr":true,"stdout":"COMET INFO:     hyp|flipud          : 0.0\n"},"type":"ws_msg"}
{"payload":{"local_timestamp":1716765339909,"message_id":326,"stderr":true,"stdout":"COMET INFO:     hyp|hsv_h           : 0.015\n"},"type":"ws_msg"}
{"payload":{"local_timestamp":1716765339909,"message_id":327,"stderr":true,"stdout":"COMET INFO:     hyp|hsv_s           : 0.7\n"},"type":"ws_msg"}
{"payload":{"local_timestamp":1716765339910,"message_id":328,"stderr":true,"stdout":"COMET INFO:     hyp|hsv_v           : 0.4\n"},"type":"ws_msg"}
{"payload":{"local_timestamp":1716765339910,"message_id":329,"stderr":true,"stdout":"COMET INFO:     hyp|iou_t           : 0.2\n"},"type":"ws_msg"}
{"payload":{"local_timestamp":1716765339910,"message_id":330,"stderr":true,"stdout":"COMET INFO:     hyp|lr0             : 0.01\n"},"type":"ws_msg"}
{"payload":{"local_timestamp":1716765339910,"message_id":331,"stderr":true,"stdout":"COMET INFO:     hyp|lrf             : 0.01\n"},"type":"ws_msg"}
{"payload":{"local_timestamp":1716765339910,"message_id":332,"stderr":true,"stdout":"COMET INFO:     hyp|mixup           : 0.0\n"},"type":"ws_msg"}
{"payload":{"local_timestamp":1716765339910,"message_id":333,"stderr":true,"stdout":"COMET INFO:     hyp|momentum        : 0.937\n"},"type":"ws_msg"}
{"payload":{"local_timestamp":1716765339910,"message_id":334,"stderr":true,"stdout":"COMET INFO:     hyp|mosaic          : 1.0\n"},"type":"ws_msg"}
{"payload":{"local_timestamp":1716765339911,"message_id":335,"stderr":true,"stdout":"COMET INFO:     hyp|obj             : 1.0\n"},"type":"ws_msg"}
{"payload":{"local_timestamp":1716765339911,"message_id":336,"stderr":true,"stdout":"COMET INFO:     hyp|obj_pw          : 1.0\n"},"type":"ws_msg"}
{"payload":{"local_timestamp":1716765339911,"message_id":337,"stderr":true,"stdout":"COMET INFO:     hyp|perspective     : 0.0\n"},"type":"ws_msg"}
{"payload":{"local_timestamp":1716765339911,"message_id":338,"stderr":true,"stdout":"COMET INFO:     hyp|scale           : 0.5\n"},"type":"ws_msg"}
{"payload":{"local_timestamp":1716765339911,"message_id":339,"stderr":true,"stdout":"COMET INFO:     hyp|shear           : 0.0\n"},"type":"ws_msg"}
{"payload":{"local_timestamp":1716765339912,"message_id":340,"stderr":true,"stdout":"COMET INFO:     hyp|translate       : 0.1\n"},"type":"ws_msg"}
{"payload":{"local_timestamp":1716765339912,"message_id":341,"stderr":true,"stdout":"COMET INFO:     hyp|warmup_bias_lr  : 0.1\n"},"type":"ws_msg"}
{"payload":{"local_timestamp":1716765339912,"message_id":342,"stderr":true,"stdout":"COMET INFO:     hyp|warmup_epochs   : 3.0\n"},"type":"ws_msg"}
{"payload":{"local_timestamp":1716765339912,"message_id":343,"stderr":true,"stdout":"COMET INFO:     hyp|warmup_momentum : 0.8\n"},"type":"ws_msg"}
{"payload":{"local_timestamp":1716765339912,"message_id":344,"stderr":true,"stdout":"COMET INFO:     hyp|weight_decay    : 0.0005\n"},"type":"ws_msg"}
{"payload":{"local_timestamp":1716765339912,"message_id":345,"stderr":true,"stdout":"COMET INFO:     image_weights       : False\n"},"type":"ws_msg"}
{"payload":{"local_timestamp":1716765339912,"message_id":346,"stderr":true,"stdout":"COMET INFO:     imgsz               : 640\n"},"type":"ws_msg"}
{"payload":{"local_timestamp":1716765339912,"message_id":347,"stderr":true,"stdout":"COMET INFO:     iou_t               : 0.2\n"},"type":"ws_msg"}
{"payload":{"local_timestamp":1716765339912,"message_id":348,"stderr":true,"stdout":"COMET INFO:     label_smoothing     : 0.0\n"},"type":"ws_msg"}
{"payload":{"local_timestamp":1716765339912,"message_id":349,"stderr":true,"stdout":"COMET INFO:     local_rank          : -1\n"},"type":"ws_msg"}
{"payload":{"local_timestamp":1716765339912,"message_id":350,"stderr":true,"stdout":"COMET INFO:     lr0                 : 0.01\n"},"type":"ws_msg"}
{"payload":{"local_timestamp":1716765339913,"message_id":351,"stderr":true,"stdout":"COMET INFO:     lrf                 : 0.01\n"},"type":"ws_msg"}
{"payload":{"local_timestamp":1716765339913,"message_id":352,"stderr":true,"stdout":"COMET INFO:     mixup               : 0.0\n"},"type":"ws_msg"}
{"payload":{"local_timestamp":1716765339913,"message_id":353,"stderr":true,"stdout":"COMET INFO:     momentum            : 0.937\n"},"type":"ws_msg"}
{"payload":{"local_timestamp":1716765339913,"message_id":354,"stderr":true,"stdout":"COMET INFO:     mosaic              : 1.0\n"},"type":"ws_msg"}
{"payload":{"local_timestamp":1716765339913,"message_id":355,"stderr":true,"stdout":"COMET INFO:     multi_scale         : False\n"},"type":"ws_msg"}
{"payload":{"local_timestamp":1716765339913,"message_id":356,"stderr":true,"stdout":"COMET INFO:     ndjson_console      : False\n"},"type":"ws_msg"}
{"payload":{"local_timestamp":1716765339913,"message_id":357,"stderr":true,"stdout":"COMET INFO:     ndjson_file         : False\n"},"type":"ws_msg"}
{"payload":{"local_timestamp":1716765339913,"message_id":358,"stderr":true,"stdout":"COMET INFO:     noautoanchor        : False\n"},"type":"ws_msg"}
{"payload":{"local_timestamp":1716765339913,"message_id":359,"stderr":true,"stdout":"COMET INFO:     noplots             : False\n"},"type":"ws_msg"}
{"payload":{"local_timestamp":1716765339913,"message_id":360,"stderr":true,"stdout":"COMET INFO:     nosave              : False\n"},"type":"ws_msg"}
{"payload":{"local_timestamp":1716765339914,"message_id":361,"stderr":true,"stdout":"COMET INFO:     noval               : False\n"},"type":"ws_msg"}
{"payload":{"local_timestamp":1716765339914,"message_id":362,"stderr":true,"stdout":"COMET INFO:     obj                 : 1.0\n"},"type":"ws_msg"}
{"payload":{"local_timestamp":1716765339914,"message_id":363,"stderr":true,"stdout":"COMET INFO:     obj_pw              : 1.0\n"},"type":"ws_msg"}
{"payload":{"local_timestamp":1716765339914,"message_id":364,"stderr":true,"stdout":"COMET INFO:     optimizer           : SGD\n"},"type":"ws_msg"}
{"payload":{"local_timestamp":1716765339914,"message_id":365,"stderr":true,"stdout":"COMET INFO:     patience            : 100\n"},"type":"ws_msg"}
{"payload":{"local_timestamp":1716765339914,"message_id":366,"stderr":true,"stdout":"COMET INFO:     perspective         : 0.0\n"},"type":"ws_msg"}
{"payload":{"local_timestamp":1716765339914,"message_id":367,"stderr":true,"stdout":"COMET INFO:     quad                : False\n"},"type":"ws_msg"}
{"payload":{"local_timestamp":1716765339915,"message_id":368,"stderr":true,"stdout":"COMET INFO:     rect                : False\n"},"type":"ws_msg"}
{"payload":{"local_timestamp":1716765339915,"message_id":369,"stderr":true,"stdout":"COMET INFO:     resume              : False\n"},"type":"ws_msg"}
{"payload":{"local_timestamp":1716765339915,"message_id":370,"stderr":true,"stdout":"COMET INFO:     resume_evolve       : None\n"},"type":"ws_msg"}
{"payload":{"local_timestamp":1716765339915,"message_id":371,"stderr":true,"stdout":"COMET INFO:     save_dir            : ..\\yolov5\\runs\\train\\hyotto_test2\n"},"type":"ws_msg"}
{"payload":{"local_timestamp":1716765339915,"message_id":372,"stderr":true,"stdout":"COMET INFO:     save_period         : -1\n"},"type":"ws_msg"}
{"payload":{"local_timestamp":1716765339915,"message_id":373,"stderr":true,"stdout":"COMET INFO:     scale               : 0.5\n"},"type":"ws_msg"}
{"payload":{"local_timestamp":1716765339915,"message_id":374,"stderr":true,"stdout":"COMET INFO:     seed                : 0\n"},"type":"ws_msg"}
{"payload":{"local_timestamp":1716765339916,"message_id":375,"stderr":true,"stdout":"COMET INFO:     shear               : 0.0\n"},"type":"ws_msg"}
{"payload":{"local_timestamp":1716765339916,"message_id":376,"stderr":true,"stdout":"COMET INFO:     single_cls          : False\n"},"type":"ws_msg"}
{"payload":{"local_timestamp":1716765339916,"message_id":377,"stderr":true,"stdout":"COMET INFO:     sync_bn             : False\n"},"type":"ws_msg"}
{"payload":{"local_timestamp":1716765339916,"message_id":378,"stderr":true,"stdout":"COMET INFO:     translate           : 0.1\n"},"type":"ws_msg"}
{"payload":{"local_timestamp":1716765339916,"message_id":379,"stderr":true,"stdout":"COMET INFO:     upload_dataset      : False\n"},"type":"ws_msg"}
{"payload":{"local_timestamp":1716765339916,"message_id":380,"stderr":true,"stdout":"COMET INFO:     val_conf_threshold  : 0.001\n"},"type":"ws_msg"}
{"payload":{"local_timestamp":1716765339917,"message_id":381,"stderr":true,"stdout":"COMET INFO:     val_iou_threshold   : 0.6\n"},"type":"ws_msg"}
{"payload":{"local_timestamp":1716765339917,"message_id":382,"stderr":true,"stdout":"COMET INFO:     warmup_bias_lr      : 0.1\n"},"type":"ws_msg"}
{"payload":{"local_timestamp":1716765339917,"message_id":383,"stderr":true,"stdout":"COMET INFO:     warmup_epochs       : 3.0\n"},"type":"ws_msg"}
{"payload":{"local_timestamp":1716765339917,"message_id":384,"stderr":true,"stdout":"COMET INFO:     warmup_momentum     : 0.8\n"},"type":"ws_msg"}
{"payload":{"local_timestamp":1716765339917,"message_id":385,"stderr":true,"stdout":"COMET INFO:     weight_decay        : 0.0005\n"},"type":"ws_msg"}
{"payload":{"local_timestamp":1716765339917,"message_id":386,"stderr":true,"stdout":"COMET INFO:     workers             : 8\n"},"type":"ws_msg"}
{"payload":{"local_timestamp":1716765339918,"message_id":387,"stderr":true,"stdout":"COMET INFO:   Uploads:\n"},"type":"ws_msg"}
{"payload":{"local_timestamp":1716765339918,"message_id":388,"stderr":true,"stdout":"COMET INFO:     asset               : 9 (426.69 KB)\n"},"type":"ws_msg"}
{"payload":{"local_timestamp":1716765339918,"message_id":389,"stderr":true,"stdout":"COMET INFO:     confusion-matrix    : 1\n"},"type":"ws_msg"}
{"payload":{"local_timestamp":1716765339918,"message_id":390,"stderr":true,"stdout":"COMET INFO:     environment details : 1\n"},"type":"ws_msg"}
{"payload":{"local_timestamp":1716765339918,"message_id":391,"stderr":true,"stdout":"COMET INFO:     images              : 2\n"},"type":"ws_msg"}
{"payload":{"local_timestamp":1716765339918,"message_id":392,"stderr":true,"stdout":"COMET INFO:     installed packages  : 1\n"},"type":"ws_msg"}
{"payload":{"local_timestamp":1716765339919,"message_id":393,"stderr":true,"stdout":"COMET INFO:     model graph         : 1\n"},"type":"ws_msg"}
{"payload":{"local_timestamp":1716765339919,"message_id":394,"stderr":true,"stdout":"COMET INFO: \n"},"type":"ws_msg"}
