{"offline_id": "726d36a08f314d528dc7d4e55bedecd6", "project_name": "yolov5", "start_time": 1716725379175, "stop_time": 1716725423934, "tags": [], "workspace": null, "resume_strategy": "create", "customer_error_reported": true, "customer_error_message": "Unexpected error detected in the user script: AssertionError('\\x1b[34m\\x1b[1mtrain: \\x1b[0mNo labels found in C:\\\\Users\\\\hhy\\\\Desktop\\\\MJU_CheckMate\\\\data\\\\eraser\\\\train\\\\labels.cache, can not start training. See https://docs.ultralytics.com/yolov5/tutorials/train_custom_data')", "user_provided_experiment_key": false, "comet_start_sourced": false}